30.2359091167;     30.235909116*;     30.23590911**;     30.2359091***;     30.235909****;     30.23590*****;     30.2359******;     30.235*******;     30.23********;     30.2*********;     30.**********;     30***********;     3************;     *************;    **************;   ***************;  ****************; *****************;******************
30.255730992699998;30.25573099269999*;30.2557309926999**;30.255730992699***;30.25573099269****;30.2557309926*****;30.255730992******;30.25573099*******;30.2557309********;30.255730*********;30.25573**********;30.2557***********;30.255************;30.25*************;30.2**************;30.***************;30****************;3*****************;******************
30.261599403999998;30.26159940399999*;30.2615994039999**;30.261599403999***;30.26159940399****;30.2615994039*****;30.261599403******;30.26159940*******;30.2615994********;30.261599*********;30.26159**********;30.2615***********;30.261************;30.26*************;30.2**************;30.***************;30****************;3*****************;******************
30.263418123400001;30.26341812340000*;30.2634181234000**;30.263418123400***;30.26341812340****;30.2634181234*****;30.263418123******;30.26341812*******;30.2634181********;30.263418*********;30.26341**********;30.2634***********;30.263************;30.26*************;30.2**************;30.***************;30****************;3*****************;******************
30.2679095833;     30.267909583*;     30.26790958**;     30.2679095***;     30.267909****;     30.26790*****;     30.2679******;     30.267*******;     30.26********;     30.2*********;     30.**********;     30***********;     3************;     *************;    **************;   ***************;  ****************; *****************;******************
30.269102953200001;30.26910295320000*;30.2691029532000**;30.269102953200***;30.26910295320****;30.2691029532*****;30.269102953******;30.26910295*******;30.2691029********;30.269102*********;30.26910**********;30.2691***********;30.269************;30.26*************;30.2**************;30.***************;30****************;3*****************;******************
30.274291858400002;30.27429185840000*;30.2742918584000**;30.274291858400***;30.27429185840****;30.2742918584*****;30.274291858******;30.27429185*******;30.2742918********;30.274291*********;30.27429**********;30.2742***********;30.274************;30.27*************;30.2**************;30.***************;30****************;3*****************;******************
30.281120410100002;30.28112041010000*;30.2811204101000**;30.281120410100***;30.28112041010****;30.2811204101*****;30.281120410******;30.28112041*******;30.2811204********;30.281120*********;30.28112**********;30.2811***********;30.281************;30.28*************;30.2**************;30.***************;30****************;3*****************;******************
33.831177683299998;33.83117768329999*;33.8311776832999**;33.831177683299***;33.83117768329****;33.8311776832*****;33.831177683******;33.83117768*******;33.8311776********;33.831177*********;33.83117**********;33.8311***********;33.831************;33.83*************;33.8**************;33.***************;33****************;3*****************;******************
33.831604052400003;33.83160405240000*;33.8316040524000**;33.831604052400***;33.83160405240****;33.8316040524*****;33.831604052******;33.83160405*******;33.8316040********;33.831604*********;33.83160**********;33.8316***********;33.831************;33.83*************;33.8**************;33.***************;33****************;3*****************;******************
33.831787859099997;33.83178785909999*;33.8317878590999**;33.831787859099***;33.83178785909****;33.8317878590*****;33.831787859******;33.83178785*******;33.8317878********;33.831787*********;33.83178**********;33.8317***********;33.831************;33.83*************;33.8**************;33.***************;33****************;3*****************;******************
33.832007949999998;33.83200794999999*;33.8320079499999**;33.832007949999***;33.83200794999****;33.8320079499*****;33.832007949******;33.83200794*******;33.8320079********;33.832007*********;33.83200**********;33.8320***********;33.832************;33.83*************;33.8**************;33.***************;33****************;3*****************;******************
33.832146455;      33.83214645*;      33.8321464**;      33.832146***;      33.83214****;      33.8321*****;      33.832******;      33.83*******;      33.8********;      33.*********;      33**********;      3***********;      ************;     *************;    **************;   ***************;  ****************; *****************;******************
33.8322801371;     33.832280137*;     33.83228013**;     33.8322801***;     33.832280****;     33.83228*****;     33.8322******;     33.832*******;     33.83********;     33.8*********;     33.**********;     33***********;     3************;     *************;    **************;   ***************;  ****************; *****************;******************
33.864339973500002;33.86433997350000*;33.8643399735000**;33.864339973500***;33.86433997350****;33.8643399735*****;33.864339973******;33.86433997*******;33.8643399********;33.864339*********;33.86433**********;33.8643***********;33.864************;33.86*************;33.8**************;33.***************;33****************;3*****************;******************
33.864595450000003;33.86459545000000*;33.8645954500000**;33.864595450000***;33.86459545000****;33.8645954500*****;33.864595450******;33.86459545*******;33.8645954********;33.864595*********;33.86459**********;33.8645***********;33.864************;33.86*************;33.8**************;33.***************;33****************;3*****************;******************
33.864651183299998;33.86465118329999*;33.8646511832999**;33.864651183299***;33.86465118329****;33.8646511832*****;33.864651183******;33.86465118*******;33.8646511********;33.864651*********;33.86465**********;33.8646***********;33.864************;33.86*************;33.8**************;33.***************;33****************;3*****************;******************
33.865489543099997;33.86548954309999*;33.8654895430999**;33.865489543099***;33.86548954309****;33.8654895430*****;33.865489543******;33.86548954*******;33.8654895********;33.865489*********;33.86548**********;33.8654***********;33.865************;33.86*************;33.8**************;33.***************;33****************;3*****************;******************
33.872029583299998;33.87202958329999*;33.8720295832999**;33.872029583299***;33.87202958329****;33.8720295832*****;33.872029583******;33.87202958*******;33.8720295********;33.872029*********;33.87202**********;33.8720***********;33.872************;33.87*************;33.8**************;33.***************;33****************;3*****************;******************
34.017273460600002;34.01727346060000*;34.0172734606000**;34.017273460600***;34.01727346060****;34.0172734606*****;34.017273460******;34.01727346*******;34.0172734********;34.017273*********;34.01727**********;34.0172***********;34.017************;34.01*************;34.0**************;34.***************;34****************;3*****************;******************
34.027174510999998;34.02717451099999*;34.0271745109999**;34.027174510999***;34.02717451099****;34.0271745109*****;34.027174510******;34.02717451*******;34.0271745********;34.027174*********;34.02717**********;34.0271***********;34.027************;34.02*************;34.0**************;34.***************;34****************;3*****************;******************
34.027849366700003;34.02784936670000*;34.0278493667000**;34.027849366700***;34.02784936670****;34.0278493667*****;34.027849366******;34.02784936*******;34.0278493********;34.027849*********;34.02784**********;34.0278***********;34.027************;34.02*************;34.0**************;34.***************;34****************;3*****************;******************
34.0293672667;     34.029367266*;     34.02936726**;     34.0293672***;     34.029367****;     34.02936*****;     34.0293******;     34.029*******;     34.02********;     34.0*********;     34.**********;     34***********;     3************;     *************;    **************;   ***************;  ****************; *****************;******************
34.02964532;       34.0296453*;       34.029645**;       34.02964***;       34.0296****;       34.029*****;       34.02******;       34.0*******;       34.********;       34*********;       3**********;       ***********;      ************;     *************;    **************;   ***************;  ****************; *****************;******************
34.030021650000002;34.03002165000000*;34.0300216500000**;34.030021650000***;34.03002165000****;34.0300216500*****;34.030021650******;34.03002165*******;34.0300216********;34.030021*********;34.03002**********;34.0300***********;34.030************;34.03*************;34.0**************;34.***************;34****************;3*****************;******************
34.030078125400003;34.03007812540000*;34.0300781254000**;34.030078125400***;34.03007812540****;34.0300781254*****;34.030078125******;34.03007812*******;34.0300781********;34.030078*********;34.03007**********;34.0300***********;34.030************;34.03*************;34.0**************;34.***************;34****************;3*****************;******************
34.030110333300001;34.03011033330000*;34.0301103333000**;34.030110333300***;34.03011033330****;34.0301103333*****;34.030110333******;34.03011033*******;34.0301103********;34.030110*********;34.03011**********;34.0301***********;34.030************;34.03*************;34.0**************;34.***************;34****************;3*****************;******************
34.0336031167;     34.033603116*;     34.03360311**;     34.0336031***;     34.033603****;     34.03360*****;     34.0336******;     34.033*******;     34.03********;     34.0*********;     34.**********;     34***********;     3************;     *************;    **************;   ***************;  ****************; *****************;******************
34.03438105;       34.0343810*;       34.034381**;       34.03438***;       34.0343****;       34.034*****;       34.03******;       34.0*******;       34.********;       34*********;       3**********;       ***********;      ************;     *************;    **************;   ***************;  ****************; *****************;******************
34.0372210994;     34.037221099*;     34.03722109**;     34.0372210***;     34.037221****;     34.03722*****;     34.0372******;     34.037*******;     34.03********;     34.0*********;     34.**********;     34***********;     3************;     *************;    **************;   ***************;  ****************; *****************;******************
34.038721260000003;34.03872126000000*;34.0387212600000**;34.038721260000***;34.03872126000****;34.0387212600*****;34.038721260******;34.03872126*******;34.0387212********;34.038721*********;34.03872**********;34.0387***********;34.038************;34.03*************;34.0**************;34.***************;34****************;3*****************;******************
34.039559519000001;34.03955951900000*;34.0395595190000**;34.039559519000***;34.03955951900****;34.0395595190*****;34.039559519******;34.03955951*******;34.0395595********;34.039559*********;34.03955**********;34.0395***********;34.039************;34.03*************;34.0**************;34.***************;34****************;3*****************;******************
34.040833058300002;34.04083305830000*;34.0408330583000**;34.040833058300***;34.04083305830****;34.0408330583*****;34.040833058******;34.04083305*******;34.0408330********;34.040833*********;34.04083**********;34.0408***********;34.040************;34.04*************;34.0**************;34.***************;34****************;3*****************;******************
34.043023099800003;34.04302309980000*;34.0430230998000**;34.043023099800***;34.04302309980****;34.0430230998*****;34.043023099******;34.04302309*******;34.0430230********;34.043023*********;34.04302**********;34.0430***********;34.043************;34.04*************;34.0**************;34.***************;34****************;3*****************;******************
34.043757433300001;34.04375743330000*;34.0437574333000**;34.043757433300***;34.04375743330****;34.0437574333*****;34.043757433******;34.04375743*******;34.0437574********;34.043757*********;34.04375**********;34.0437***********;34.043************;34.04*************;34.0**************;34.***************;34****************;3*****************;******************
34.0437771;        34.043777*;        34.04377**;        34.0437***;        34.043****;        34.04*****;        34.0******;        34.*******;        34********;        3*********;        **********;       ***********;      ************;     *************;    **************;   ***************;  ****************; *****************;******************
34.047222300000001;34.04722230000000*;34.0472223000000**;34.047222300000***;34.04722230000****;34.0472223000*****;34.047222300******;34.04722230*******;34.0472223********;34.047222*********;34.04722**********;34.0472***********;34.047************;34.04*************;34.0**************;34.***************;34****************;3*****************;******************
34.047288250000001;34.04728825000000*;34.0472882500000**;34.047288250000***;34.04728825000****;34.0472882500*****;34.047288250******;34.04728825*******;34.0472882********;34.047288*********;34.04728**********;34.0472***********;34.047************;34.04*************;34.0**************;34.***************;34****************;3*****************;******************
34.047860566700002;34.04786056670000*;34.0478605667000**;34.047860566700***;34.04786056670****;34.0478605667*****;34.047860566******;34.04786056*******;34.0478605********;34.047860*********;34.04786**********;34.0478***********;34.047************;34.04*************;34.0**************;34.***************;34****************;3*****************;******************
34.048890363300004;34.04889036330000*;34.0488903633000**;34.048890363300***;34.04889036330****;34.0488903633*****;34.048890363******;34.04889036*******;34.0488903********;34.048890*********;34.04889**********;34.0488***********;34.048************;34.04*************;34.0**************;34.***************;34****************;3*****************;******************
34.050918690000003;34.05091869000000*;34.0509186900000**;34.050918690000***;34.05091869000****;34.0509186900*****;34.050918690******;34.05091869*******;34.0509186********;34.050918*********;34.05091**********;34.0509***********;34.050************;34.05*************;34.0**************;34.***************;34****************;3*****************;******************
34.051425859200002;34.05142585920000*;34.0514258592000**;34.051425859200***;34.05142585920****;34.0514258592*****;34.051425859******;34.05142585*******;34.0514258********;34.051425*********;34.05142**********;34.0514***********;34.051************;34.05*************;34.0**************;34.***************;34****************;3*****************;******************
34.051521610199998;34.05152161019999*;34.0515216101999**;34.051521610199***;34.05152161019****;34.0515216101*****;34.051521610******;34.05152161*******;34.0515216********;34.051521*********;34.05152**********;34.0515***********;34.051************;34.05*************;34.0**************;34.***************;34****************;3*****************;******************
34.052443242499997;34.05244324249999*;34.0524432424999**;34.052443242499***;34.05244324249****;34.0524432424*****;34.052443242******;34.05244324*******;34.0524432********;34.052443*********;34.05244**********;34.0524***********;34.052************;34.05*************;34.0**************;34.***************;34****************;3*****************;******************
34.052769116699999;34.05276911669999*;34.0527691166999**;34.052769116699***;34.05276911669****;34.0527691166*****;34.052769116******;34.05276911*******;34.0527691********;34.052769*********;34.05276**********;34.0527***********;34.052************;34.05*************;34.0**************;34.***************;34****************;3*****************;******************
34.056012510000002;34.05601251000000*;34.0560125100000**;34.056012510000***;34.05601251000****;34.0560125100*****;34.056012510******;34.05601251*******;34.0560125********;34.056012*********;34.05601**********;34.0560***********;34.056************;34.05*************;34.0**************;34.***************;34****************;3*****************;******************
34.057688499999998;34.05768849999999*;34.0576884999999**;34.057688499999***;34.05768849999****;34.0576884999*****;34.057688499******;34.05768849*******;34.0576884********;34.057688*********;34.05768**********;34.0576***********;34.057************;34.05*************;34.0**************;34.***************;34****************;3*****************;******************
34.057715266700001;34.05771526670000*;34.0577152667000**;34.057715266700***;34.05771526670****;34.0577152667*****;34.057715266******;34.05771526*******;34.0577152********;34.057715*********;34.05771**********;34.0577***********;34.057************;34.05*************;34.0**************;34.***************;34****************;3*****************;******************
34.057719375799998;34.05771937579999*;34.0577193757999**;34.057719375799***;34.05771937579****;34.0577193757*****;34.057719375******;34.05771937*******;34.0577193********;34.057719*********;34.05771**********;34.0577***********;34.057************;34.05*************;34.0**************;34.***************;34****************;3*****************;******************
34.057869433299999;34.05786943329999*;34.0578694332999**;34.057869433299***;34.05786943329****;34.0578694332*****;34.057869433******;34.05786943*******;34.0578694********;34.057869*********;34.05786**********;34.0578***********;34.057************;34.05*************;34.0**************;34.***************;34****************;3*****************;******************
34.058152701300003;34.05815270130000*;34.0581527013000**;34.058152701300***;34.05815270130****;34.0581527013*****;34.058152701******;34.05815270*******;34.0581527********;34.058152*********;34.05815**********;34.0581***********;34.058************;34.05*************;34.0**************;34.***************;34****************;3*****************;******************
34.059051066000002;34.05905106600000*;34.0590510660000**;34.059051066000***;34.05905106600****;34.0590510660*****;34.059051066******;34.05905106*******;34.0590510********;34.059051*********;34.05905**********;34.0590***********;34.059************;34.05*************;34.0**************;34.***************;34****************;3*****************;******************
34.060072016699998;34.06007201669999*;34.0600720166999**;34.060072016699***;34.06007201669****;34.0600720166*****;34.060072016******;34.06007201*******;34.0600720********;34.060072*********;34.06007**********;34.0600***********;34.060************;34.06*************;34.0**************;34.***************;34****************;3*****************;******************
34.061658465000001;34.06165846500000*;34.0616584650000**;34.061658465000***;34.06165846500****;34.0616584650*****;34.061658465******;34.06165846*******;34.0616584********;34.061658*********;34.06165**********;34.0616***********;34.061************;34.06*************;34.0**************;34.***************;34****************;3*****************;******************
35.220126177899999;35.22012617789999*;35.2201261778999**;35.220126177899***;35.22012617789****;35.2201261778*****;35.220126177******;35.22012617*******;35.2201261********;35.220126*********;35.22012**********;35.2201***********;35.220************;35.22*************;35.2**************;35.***************;35****************;3*****************;******************
38.062570389999998;38.06257038999999*;38.0625703899999**;38.062570389999***;38.06257038999****;38.0625703899*****;38.062570389******;38.06257038*******;38.0625703********;38.062570*********;38.06257**********;38.0625***********;38.062************;38.06*************;38.0**************;38.***************;38****************;3*****************;******************
38.062660332999997;38.06266033299999*;38.0626603329999**;38.062660332999***;38.06266033299****;38.0626603329*****;38.062660332******;38.06266033*******;38.0626603********;38.062660*********;38.06266**********;38.0626***********;38.062************;38.06*************;38.0**************;38.***************;38****************;3*****************;******************
38.12689915;       38.1268991*;       38.126899**;       38.12689***;       38.1268****;       38.126*****;       38.12******;       38.1*******;       38.********;       38*********;       3**********;       ***********;      ************;     *************;    **************;   ***************;  ****************; *****************;******************
38.127262916699998;38.12726291669999*;38.1272629166999**;38.127262916699***;38.12726291669****;38.1272629166*****;38.127262916******;38.12726291*******;38.1272629********;38.127262*********;38.12726**********;38.1272***********;38.127************;38.12*************;38.1**************;38.***************;38****************;3*****************;******************
38.139704233300002;38.13970423330000*;38.1397042333000**;38.139704233300***;38.13970423330****;38.1397042333*****;38.139704233******;38.13970423*******;38.1397042********;38.139704*********;38.13970**********;38.1397***********;38.139************;38.13*************;38.1**************;38.***************;38****************;3*****************;******************
38.268696069699999;38.26869606969999*;38.2686960696999**;38.268696069699***;38.26869606969****;38.2686960696*****;38.268696069******;38.26869606*******;38.2686960********;38.268696*********;38.26869**********;38.2686***********;38.268************;38.26*************;38.2**************;38.***************;38****************;3*****************;******************
38.274246756799997;38.27424675679999*;38.2742467567999**;38.274246756799***;38.27424675679****;38.2742467567*****;38.274246756******;38.27424675*******;38.2742467********;38.274246*********;38.27424**********;38.2742***********;38.274************;38.27*************;38.2**************;38.***************;38****************;3*****************;******************
39.8772709259;     39.877270925*;     39.87727092**;     39.8772709***;     39.877270****;     39.87727*****;     39.8772******;     39.877*******;     39.87********;     39.8*********;     39.**********;     39***********;     3************;     *************;    **************;   ***************;  ****************; *****************;******************
39.988894459999997;39.98889445999999*;39.9888944599999**;39.988894459999***;39.98889445999****;39.9888944599*****;39.988894459******;39.98889445*******;39.9888944********;39.988894*********;39.98889**********;39.9888***********;39.988************;39.98*************;39.9**************;39.***************;39****************;3*****************;******************
40.038343300000001;40.03834330000000*;40.0383433000000**;40.038343300000***;40.03834330000****;40.0383433000*****;40.038343300******;40.03834330*******;40.0383433********;40.038343*********;40.03834**********;40.0383***********;40.038************;40.03*************;40.0**************;40.***************;40****************;4*****************;******************
40.052408237000002;40.05240823700000*;40.0524082370000**;40.052408237000***;40.05240823700****;40.0524082370*****;40.052408237******;40.05240823*******;40.0524082********;40.052408*********;40.05240**********;40.0524***********;40.052************;40.05*************;40.0**************;40.***************;40****************;4*****************;******************
40.0761947632;     40.076194763*;     40.07619476**;     40.0761947***;     40.076194****;     40.07619*****;     40.0761******;     40.076*******;     40.07********;     40.0*********;     40.**********;     40***********;     4************;     *************;    **************;   ***************;  ****************; *****************;******************
40.0786420333;     40.078642033*;     40.07864203**;     40.0786420***;     40.078642****;     40.07864*****;     40.0786******;     40.078*******;     40.07********;     40.0*********;     40.**********;     40***********;     4************;     *************;    **************;   ***************;  ****************; *****************;******************
40.100440978999998;40.10044097899999*;40.1004409789999**;40.100440978999***;40.10044097899****;40.1004409789*****;40.100440978******;40.10044097*******;40.1004409********;40.100440*********;40.10044**********;40.1004***********;40.100************;40.10*************;40.1**************;40.***************;40****************;4*****************;******************
40.113508639999999;40.11350863999999*;40.1135086399999**;40.113508639999***;40.11350863999****;40.1135086399*****;40.113508639******;40.11350863*******;40.1135086********;40.113508*********;40.11350**********;40.1135***********;40.113************;40.11*************;40.1**************;40.***************;40****************;4*****************;******************
40.6438845363;     40.643884536*;     40.64388453**;     40.6438845***;     40.643884****;     40.64388*****;     40.6438******;     40.643*******;     40.64********;     40.6*********;     40.**********;     40***********;     4************;     *************;    **************;   ***************;  ****************; *****************;******************
40.691246867499999;40.69124686749999*;40.6912468674999**;40.691246867499***;40.69124686749****;40.6912468674*****;40.691246867******;40.69124686*******;40.6912468********;40.691246*********;40.69124**********;40.6912***********;40.691************;40.69*************;40.6**************;40.***************;40****************;4*****************;******************
40.7154167554;     40.715416755*;     40.71541675**;     40.7154167***;     40.715416****;     40.71541*****;     40.7154******;     40.715*******;     40.71********;     40.7*********;     40.**********;     40***********;     4************;     *************;    **************;   ***************;  ****************; *****************;******************
40.716460495100002;40.71646049510000*;40.7164604951000**;40.716460495100***;40.71646049510****;40.7164604951*****;40.716460495******;40.71646049*******;40.7164604********;40.716460*********;40.71646**********;40.7164***********;40.716************;40.71*************;40.7**************;40.***************;40****************;4*****************;******************
40.724910334500002;40.72491033450000*;40.7249103345000**;40.724910334500***;40.72491033450****;40.7249103345*****;40.724910334******;40.72491033*******;40.7249103********;40.724910*********;40.72491**********;40.7249***********;40.724************;40.72*************;40.7**************;40.***************;40****************;4*****************;******************
40.7250228232;     40.725022823*;     40.72502282**;     40.7250228***;     40.725022****;     40.72502*****;     40.7250******;     40.725*******;     40.72********;     40.7*********;     40.**********;     40***********;     4************;     *************;    **************;   ***************;  ****************; *****************;******************
40.725821867000001;40.72582186700000*;40.7258218670000**;40.725821867000***;40.72582186700****;40.7258218670*****;40.725821867******;40.72582186*******;40.7258218********;40.725821*********;40.72582**********;40.7258***********;40.725************;40.72*************;40.7**************;40.***************;40****************;4*****************;******************
40.726282769999997;40.72628276999999*;40.7262827699999**;40.726282769999***;40.72628276999****;40.7262827699*****;40.726282769******;40.72628276*******;40.7262827********;40.726282*********;40.72628**********;40.7262***********;40.726************;40.72*************;40.7**************;40.***************;40****************;4*****************;******************
40.726545316699998;40.72654531669999*;40.7265453166999**;40.726545316699***;40.72654531669****;40.7265453166*****;40.726545316******;40.72654531*******;40.7265453********;40.726545*********;40.72654**********;40.7265***********;40.726************;40.72*************;40.7**************;40.***************;40****************;4*****************;******************
40.726609279999998;40.72660927999999*;40.7266092799999**;40.726609279999***;40.72660927999****;40.7266092799*****;40.726609279******;40.72660927*******;40.7266092********;40.726609*********;40.72660**********;40.7266***********;40.726************;40.72*************;40.7**************;40.***************;40****************;4*****************;******************
40.728527124199999;40.72852712419999*;40.7285271241999**;40.728527124199***;40.72852712419****;40.7285271241*****;40.728527124******;40.72852712*******;40.7285271********;40.728527*********;40.72852**********;40.7285***********;40.728************;40.72*************;40.7**************;40.***************;40****************;4*****************;******************
40.728691883300002;40.72869188330000*;40.7286918833000**;40.728691883300***;40.72869188330****;40.7286918833*****;40.728691883******;40.72869188*******;40.7286918********;40.728691*********;40.72869**********;40.7286***********;40.728************;40.72*************;40.7**************;40.***************;40****************;4*****************;******************
40.728958034800002;40.72895803480000*;40.7289580348000**;40.728958034800***;40.72895803480****;40.7289580348*****;40.728958034******;40.72895803*******;40.7289580********;40.728958*********;40.72895**********;40.7289***********;40.728************;40.72*************;40.7**************;40.***************;40****************;4*****************;******************
40.7297133;        40.729713*;        40.72971**;        40.7297***;        40.729****;        40.72*****;        40.7******;        40.*******;        40********;        4*********;        **********;       ***********;      ************;     *************;    **************;   ***************;  ****************; *****************;******************
40.729768313999998;40.72976831399999*;40.7297683139999**;40.729768313999***;40.72976831399****;40.7297683139*****;40.729768313******;40.72976831*******;40.7297683********;40.729768*********;40.72976**********;40.7297***********;40.729************;40.72*************;40.7**************;40.***************;40****************;4*****************;******************
40.732408939999999;40.73240893999999*;40.7324089399999**;40.732408939999***;40.73240893999****;40.7324089399*****;40.732408939******;40.73240893*******;40.7324089********;40.732408*********;40.73240**********;40.7324***********;40.732************;40.73*************;40.7**************;40.***************;40****************;4*****************;******************
40.732439399999997;40.73243939999999*;40.7324393999999**;40.732439399999***;40.73243939999****;40.7324393999*****;40.732439399******;40.73243939*******;40.7324393********;40.732439*********;40.73243**********;40.7324***********;40.732************;40.73*************;40.7**************;40.***************;40****************;4*****************;******************
40.733437713400001;40.73343771340000*;40.7334377134000**;40.733437713400***;40.73343771340****;40.7334377134*****;40.733437713******;40.73343771*******;40.7334377********;40.733437*********;40.73343**********;40.7334***********;40.733************;40.73*************;40.7**************;40.***************;40****************;4*****************;******************
40.733909240999999;40.73390924099999*;40.7339092409999**;40.733909240999***;40.73390924099****;40.7339092409*****;40.733909240******;40.73390924*******;40.7339092********;40.733909*********;40.73390**********;40.7339***********;40.733************;40.73*************;40.7**************;40.***************;40****************;4*****************;******************
40.734193383300003;40.73419338330000*;40.7341933833000**;40.734193383300***;40.73419338330****;40.7341933833*****;40.734193383******;40.73419338*******;40.7341933********;40.734193*********;40.73419**********;40.7341***********;40.734************;40.73*************;40.7**************;40.***************;40****************;4*****************;******************
40.734443770399999;40.73444377039999*;40.7344437703999**;40.734443770399***;40.73444377039****;40.7344437703*****;40.734443770******;40.73444377*******;40.7344437********;40.734443*********;40.73444**********;40.7344***********;40.734************;40.73*************;40.7**************;40.***************;40****************;4*****************;******************
40.735112434199998;40.73511243419999*;40.7351124341999**;40.735112434199***;40.73511243419****;40.7351124341*****;40.735112434******;40.73511243*******;40.7351124********;40.735112*********;40.73511**********;40.7351***********;40.735************;40.73*************;40.7**************;40.***************;40****************;4*****************;******************
40.736092849999999;40.73609284999999*;40.7360928499999**;40.736092849999***;40.73609284999****;40.7360928499*****;40.736092849******;40.73609284*******;40.7360928********;40.736092*********;40.73609**********;40.7360***********;40.736************;40.73*************;40.7**************;40.***************;40****************;4*****************;******************
40.7366976892;     40.736697689*;     40.73669768**;     40.7366976***;     40.736697****;     40.73669*****;     40.7366******;     40.736*******;     40.73********;     40.7*********;     40.**********;     40***********;     4************;     *************;    **************;   ***************;  ****************; *****************;******************
40.737937832999997;40.73793783299999*;40.7379378329999**;40.737937832999***;40.73793783299****;40.7379378329*****;40.737937832******;40.73793783*******;40.7379378********;40.737937*********;40.73793**********;40.7379***********;40.737************;40.73*************;40.7**************;40.***************;40****************;4*****************;******************
40.738588866699999;40.73858886669999*;40.7385888666999**;40.738588866699***;40.73858886669****;40.7385888666*****;40.738588866******;40.73858886*******;40.7385888********;40.738588*********;40.73858**********;40.7385***********;40.738************;40.73*************;40.7**************;40.***************;40****************;4*****************;******************
40.74137425;       40.7413742*;       40.741374**;       40.74137***;       40.7413****;       40.741*****;       40.74******;       40.7*******;       40.********;       40*********;       4**********;       ***********;      ************;     *************;    **************;   ***************;  ****************; *****************;******************
40.741388196999999;40.74138819699999*;40.7413881969999**;40.741388196999***;40.74138819699****;40.7413881969*****;40.741388196******;40.74138819*******;40.7413881********;40.741388*********;40.74138**********;40.7413***********;40.741************;40.74*************;40.7**************;40.***************;40****************;4*****************;******************
40.741746698699998;40.74174669869999*;40.7417466986999**;40.741746698699***;40.74174669869****;40.7417466986*****;40.741746698******;40.74174669*******;40.7417466********;40.741746*********;40.74174**********;40.7417***********;40.741************;40.74*************;40.7**************;40.***************;40****************;4*****************;******************
40.742511593700002;40.74251159370000*;40.7425115937000**;40.742511593700***;40.74251159370****;40.7425115937*****;40.742511593******;40.74251159*******;40.7425115********;40.742511*********;40.74251**********;40.7425***********;40.742************;40.74*************;40.7**************;40.***************;40****************;4*****************;******************
40.744530060099997;40.74453006009999*;40.7445300600999**;40.744530060099***;40.74453006009****;40.7445300600*****;40.744530060******;40.74453006*******;40.7445300********;40.744530*********;40.74453**********;40.7445***********;40.744************;40.74*************;40.7**************;40.***************;40****************;4*****************;******************
40.747525000000003;40.74752500000000*;40.7475250000000**;40.747525000000***;40.74752500000****;40.7475250000*****;40.747525000******;40.74752500*******;40.7475250********;40.747525*********;40.74752**********;40.7475***********;40.747************;40.74*************;40.7**************;40.***************;40****************;4*****************;******************
40.749721716700002;40.74972171670000*;40.7497217167000**;40.749721716700***;40.74972171670****;40.7497217167*****;40.749721716******;40.74972171*******;40.7497217********;40.749721*********;40.74972**********;40.7497***********;40.749************;40.74*************;40.7**************;40.***************;40****************;4*****************;******************
40.754870349999997;40.75487034999999*;40.7548703499999**;40.754870349999***;40.75487034999****;40.7548703499*****;40.754870349******;40.75487034*******;40.7548703********;40.754870*********;40.75487**********;40.7548***********;40.754************;40.75*************;40.7**************;40.***************;40****************;4*****************;******************
40.758168982400001;40.75816898240000*;40.7581689824000**;40.758168982400***;40.75816898240****;40.7581689824*****;40.758168982******;40.75816898*******;40.7581689********;40.758168*********;40.75816**********;40.7581***********;40.758************;40.75*************;40.7**************;40.***************;40****************;4*****************;******************
40.765705248700002;40.76570524870000*;40.7657052487000**;40.765705248700***;40.76570524870****;40.7657052487*****;40.765705248******;40.76570524*******;40.7657052********;40.765705*********;40.76570**********;40.7657***********;40.765************;40.76*************;40.7**************;40.***************;40****************;4*****************;******************
40.765884017600001;40.76588401760000*;40.7658840176000**;40.765884017600***;40.76588401760****;40.7658840176*****;40.765884017******;40.76588401*******;40.7658840********;40.765884*********;40.76588**********;40.7658***********;40.765************;40.76*************;40.7**************;40.***************;40****************;4*****************;******************
40.7663390636;     40.766339063*;     40.76633906**;     40.7663390***;     40.766339****;     40.76633*****;     40.7663******;     40.766*******;     40.76********;     40.7*********;     40.**********;     40***********;     4************;     *************;    **************;   ***************;  ****************; *****************;******************
40.7666559687;     40.766655968*;     40.76665596**;     40.7666559***;     40.766655****;     40.76665*****;     40.7666******;     40.766*******;     40.76********;     40.7*********;     40.**********;     40***********;     4************;     *************;    **************;   ***************;  ****************; *****************;******************
40.766952558100002;40.76695255810000*;40.7669525581000**;40.766952558100***;40.76695255810****;40.7669525581*****;40.766952558******;40.76695255*******;40.7669525********;40.766952*********;40.76695**********;40.7669***********;40.766************;40.76*************;40.7**************;40.***************;40****************;4*****************;******************
40.767972327899997;40.76797232789999*;40.7679723278999**;40.767972327899***;40.76797232789****;40.7679723278*****;40.767972327******;40.76797232*******;40.7679723********;40.767972*********;40.76797**********;40.7679***********;40.767************;40.76*************;40.7**************;40.***************;40****************;4*****************;******************
40.769345539;      40.76934553*;      40.7693455**;      40.769345***;      40.76934****;      40.7693*****;      40.769******;      40.76*******;      40.7********;      40.*********;      40**********;      4***********;      ************;     *************;    **************;   ***************;  ****************; *****************;******************
40.774412748000003;40.77441274800000*;40.7744127480000**;40.774412748000***;40.77441274800****;40.7744127480*****;40.774412748******;40.77441274*******;40.7744127********;40.774412*********;40.77441**********;40.7744***********;40.774************;40.77*************;40.7**************;40.***************;40****************;4*****************;******************
40.774578106900002;40.77457810690000*;40.7745781069000**;40.774578106900***;40.77457810690****;40.7745781069*****;40.774578106******;40.77457810*******;40.7745781********;40.774578*********;40.77457**********;40.7745***********;40.774************;40.77*************;40.7**************;40.***************;40****************;4*****************;******************
40.776381784800002;40.77638178480000*;40.7763817848000**;40.776381784800***;40.77638178480****;40.7763817848*****;40.776381784******;40.77638178*******;40.7763817********;40.776381*********;40.77638**********;40.7763***********;40.776************;40.77*************;40.7**************;40.***************;40****************;4*****************;******************
40.7862280278;     40.786228027*;     40.78622802**;     40.7862280***;     40.786228****;     40.78622*****;     40.7862******;     40.786*******;     40.78********;     40.7*********;     40.**********;     40***********;     4************;     *************;    **************;   ***************;  ****************; *****************;******************
40.786959126200003;40.78695912620000*;40.7869591262000**;40.786959126200***;40.78695912620****;40.7869591262*****;40.786959126******;40.78695912*******;40.7869591********;40.786959*********;40.78695**********;40.7869***********;40.786************;40.78*************;40.7**************;40.***************;40****************;4*****************;******************
40.788015143099997;40.78801514309999*;40.7880151430999**;40.788015143099***;40.78801514309****;40.7880151430*****;40.788015143******;40.78801514*******;40.7880151********;40.788015*********;40.78801**********;40.7880***********;40.788************;40.78*************;40.7**************;40.***************;40****************;4*****************;******************
40.800075667000002;40.80007566700000*;40.8000756670000**;40.800075667000***;40.80007566700****;40.8000756670*****;40.800075667******;40.80007566*******;40.8000756********;40.800075*********;40.80007**********;40.8000***********;40.800************;40.80*************;40.8**************;40.***************;40****************;4*****************;******************
40.803463561900003;40.80346356190000*;40.8034635619000**;40.803463561900***;40.80346356190****;40.8034635619*****;40.803463561******;40.80346356*******;40.8034635********;40.803463*********;40.80346**********;40.8034***********;40.803************;40.80*************;40.8**************;40.***************;40****************;4*****************;******************
40.805937033299998;40.80593703329999*;40.8059370332999**;40.805937033299***;40.80593703329****;40.8059370332*****;40.805937033******;40.80593703*******;40.8059370********;40.805937*********;40.80593**********;40.8059***********;40.805************;40.80*************;40.8**************;40.***************;40****************;4*****************;******************
40.812595399999999;40.81259539999999*;40.8125953999999**;40.812595399999***;40.81259539999****;40.8125953999*****;40.812595399******;40.81259539*******;40.8125953********;40.812595*********;40.81259**********;40.8125***********;40.812************;40.81*************;40.8**************;40.***************;40****************;4*****************;******************
41.486472995900002;41.48647299590000*;41.4864729959000**;41.486472995900***;41.48647299590****;41.4864729959*****;41.486472995******;41.48647299*******;41.4864729********;41.486472*********;41.48647**********;41.4864***********;41.486************;41.48*************;41.4**************;41.***************;41****************;4*****************;******************
41.501329900199998;41.50132990019999*;41.5013299001999**;41.501329900199***;41.50132990019****;41.5013299001*****;41.501329900******;41.50132990*******;41.5013299********;41.501329*********;41.50132**********;41.5013***********;41.501************;41.50*************;41.5**************;41.***************;41****************;4*****************;******************
41.510056550000002;41.51005655000000*;41.5100565500000**;41.510056550000***;41.51005655000****;41.5100565500*****;41.510056550******;41.51005655*******;41.5100565********;41.510056*********;41.51005**********;41.5100***********;41.510************;41.51*************;41.5**************;41.***************;41****************;4*****************;******************
41.850079697600002;41.85007969760000*;41.8500796976000**;41.850079697600***;41.85007969760****;41.8500796976*****;41.850079697******;41.85007969*******;41.8500796********;41.850079*********;41.85007**********;41.8500***********;41.850************;41.85*************;41.8**************;41.***************;41****************;4*****************;******************
41.857856499999997;41.85785649999999*;41.8578564999999**;41.857856499999***;41.85785649999****;41.8578564999*****;41.857856499******;41.85785649*******;41.8578564********;41.857856*********;41.85785**********;41.8578***********;41.857************;41.85*************;41.8**************;41.***************;41****************;4*****************;******************
41.862337999600001;41.86233799960000*;41.8623379996000**;41.862337999600***;41.86233799960****;41.8623379996*****;41.862337999******;41.86233799*******;41.8623379********;41.862337*********;41.86233**********;41.8623***********;41.862************;41.86*************;41.8**************;41.***************;41****************;4*****************;******************
41.865149344999999;41.86514934499999*;41.8651493449999**;41.865149344999***;41.86514934499****;41.8651493449*****;41.865149344******;41.86514934*******;41.8651493********;41.865149*********;41.86514**********;41.8651***********;41.865************;41.86*************;41.8**************;41.***************;41****************;4*****************;******************
41.865484700000003;41.86548470000000*;41.8654847000000**;41.865484700000***;41.86548470000****;41.8654847000*****;41.865484700******;41.86548470*******;41.8654847********;41.865484*********;41.86548**********;41.8654***********;41.865************;41.86*************;41.8**************;41.***************;41****************;4*****************;******************
41.874450683600003;41.87445068360000*;41.8744506836000**;41.874450683600***;41.87445068360****;41.8744506836*****;41.874450683******;41.87445068*******;41.8744506********;41.874450*********;41.87445**********;41.8744***********;41.874************;41.87*************;41.8**************;41.***************;41****************;4*****************;******************
41.8745460194;     41.874546019*;     41.87454601**;     41.8745460***;     41.874546****;     41.87454*****;     41.8745******;     41.874*******;     41.87********;     41.8*********;     41.**********;     41***********;     4************;     *************;    **************;   ***************;  ****************; *****************;******************
41.875800245400001;41.87580024540000*;41.8758002454000**;41.875800245400***;41.87580024540****;41.8758002454*****;41.875800245******;41.87580024*******;41.8758002********;41.875800*********;41.87580**********;41.8758***********;41.875************;41.87*************;41.8**************;41.***************;41****************;4*****************;******************
41.882607933300001;41.88260793330000*;41.8826079333000**;41.882607933300***;41.88260793330****;41.8826079333*****;41.882607933******;41.88260793*******;41.8826079********;41.882607*********;41.88260**********;41.8826***********;41.882************;41.88*************;41.8**************;41.***************;41****************;4*****************;******************
41.887548418500003;41.88754841850000*;41.8875484185000**;41.887548418500***;41.88754841850****;41.8875484185*****;41.887548418******;41.88754841*******;41.8875484********;41.887548*********;41.88754**********;41.8875***********;41.887************;41.88*************;41.8**************;41.***************;41****************;4*****************;******************
41.888417601599997;41.88841760159999*;41.8884176015999**;41.888417601599***;41.88841760159****;41.8884176015*****;41.888417601******;41.88841760*******;41.8884176********;41.888417*********;41.88841**********;41.8884***********;41.888************;41.88*************;41.8**************;41.***************;41****************;4*****************;******************
41.889291603899999;41.88929160389999*;41.8892916038999**;41.889291603899***;41.88929160389****;41.8892916038*****;41.889291603******;41.88929160*******;41.8892916********;41.889291*********;41.88929**********;41.8892***********;41.889************;41.88*************;41.8**************;41.***************;41****************;4*****************;******************
41.889481293300001;41.88948129330000*;41.8894812933000**;41.889481293300***;41.88948129330****;41.8894812933*****;41.889481293******;41.88948129*******;41.8894812********;41.889481*********;41.88948**********;41.8894***********;41.889************;41.88*************;41.8**************;41.***************;41****************;4*****************;******************
41.890300512300001;41.89030051230000*;41.8903005123000**;41.890300512300***;41.89030051230****;41.8903005123*****;41.890300512******;41.89030051*******;41.8903005********;41.890300*********;41.89030**********;41.8903***********;41.890************;41.89*************;41.8**************;41.***************;41****************;4*****************;******************
41.890896957700001;41.89089695770000*;41.8908969577000**;41.890896957700***;41.89089695770****;41.8908969577*****;41.890896957******;41.89089695*******;41.8908969********;41.890896*********;41.89089**********;41.8908***********;41.890************;41.89*************;41.8**************;41.***************;41****************;4*****************;******************
41.891269999999999;41.89126999999999*;41.8912699999999**;41.891269999999***;41.89126999999****;41.8912699999*****;41.891269999******;41.89126999*******;41.8912699********;41.891269*********;41.89126**********;41.8912***********;41.891************;41.89*************;41.8**************;41.***************;41****************;4*****************;******************
41.891828108600002;41.89182810860000*;41.8918281086000**;41.891828108600***;41.89182810860****;41.8918281086*****;41.891828108******;41.89182810*******;41.8918281********;41.891828*********;41.89182**********;41.8918***********;41.891************;41.89*************;41.8**************;41.***************;41****************;4*****************;******************
41.894766413600003;41.89476641360000*;41.8947664136000**;41.894766413600***;41.89476641360****;41.8947664136*****;41.894766413******;41.89476641*******;41.8947664********;41.894766*********;41.89476**********;41.8947***********;41.894************;41.89*************;41.8**************;41.***************;41****************;4*****************;******************
41.978028628499999;41.97802862849999*;41.9780286284999**;41.978028628499***;41.97802862849****;41.9780286284*****;41.978028628******;41.97802862*******;41.9780286********;41.978028*********;41.97802**********;41.9780***********;41.978************;41.97*************;41.9**************;41.***************;41****************;4*****************;******************
41.980216833299998;41.98021683329999*;41.9802168332999**;41.980216833299***;41.98021683329****;41.9802168332*****;41.980216833******;41.98021683*******;41.9802168********;41.980216*********;41.98021**********;41.9802***********;41.980************;41.98*************;41.9**************;41.***************;41****************;4*****************;******************
41.981275633300001;41.98127563330000*;41.9812756333000**;41.981275633300***;41.98127563330****;41.9812756333*****;41.981275633******;41.98127563*******;41.9812756********;41.981275*********;41.98127**********;41.9812***********;41.981************;41.98*************;41.9**************;41.***************;41****************;4*****************;******************
42.207493018599997;42.20749301859999*;42.2074930185999**;42.207493018599***;42.20749301859****;42.2074930185*****;42.207493018******;42.20749301*******;42.2074930********;42.207493*********;42.20749**********;42.2074***********;42.207************;42.20*************;42.2**************;42.***************;42****************;4*****************;******************
42.215296518599999;42.21529651859999*;42.2152965185999**;42.215296518599***;42.21529651859****;42.2152965185*****;42.215296518******;42.21529651*******;42.2152965********;42.215296*********;42.21529**********;42.2152***********;42.215************;42.21*************;42.2**************;42.***************;42****************;4*****************;******************
42.240623274000001;42.24062327400000*;42.2406232740000**;42.240623274000***;42.24062327400****;42.2406232740*****;42.240623274******;42.24062327*******;42.2406232********;42.240623*********;42.24062**********;42.2406***********;42.240************;42.24*************;42.2**************;42.***************;42****************;4*****************;******************
42.265813154699998;42.26581315469999*;42.2658131546999**;42.265813154699***;42.26581315469****;42.2658131546*****;42.265813154******;42.26581315*******;42.2658131********;42.265813*********;42.26581**********;42.2658***********;42.265************;42.26*************;42.2**************;42.***************;42****************;4*****************;******************
42.266537599999999;42.26653759999999*;42.2665375999999**;42.266537599999***;42.26653759999****;42.2665375999*****;42.266537599******;42.26653759*******;42.2665375********;42.266537*********;42.26653**********;42.2665***********;42.266************;42.26*************;42.2**************;42.***************;42****************;4*****************;******************
42.269580966699998;42.26958096669999*;42.2695809666999**;42.269580966699***;42.26958096669****;42.2695809666*****;42.269580966******;42.26958096*******;42.2695809********;42.269580*********;42.26958**********;42.2695***********;42.269************;42.26*************;42.2**************;42.***************;42****************;4*****************;******************
42.269886816700001;42.26988681670000*;42.2698868167000**;42.269886816700***;42.26988681670****;42.2698868167*****;42.269886816******;42.26988681*******;42.2698868********;42.269886*********;42.26988**********;42.2698***********;42.269************;42.26*************;42.2**************;42.***************;42****************;4*****************;******************
42.274816117699999;42.27481611769999*;42.2748161176999**;42.274816117699***;42.27481611769****;42.2748161176*****;42.274816117******;42.27481611*******;42.2748161********;42.274816*********;42.27481**********;42.2748***********;42.274************;42.27*************;42.2**************;42.***************;42****************;4*****************;******************
42.2750939664;     42.275093966*;     42.27509396**;     42.2750939***;     42.275093****;     42.27509*****;     42.2750******;     42.275*******;     42.27********;     42.2*********;     42.**********;     42***********;     4************;     *************;    **************;   ***************;  ****************; *****************;******************
42.279488749999999;42.27948874999999*;42.2794887499999**;42.279488749999***;42.27948874999****;42.2794887499*****;42.279488749******;42.27948874*******;42.2794887********;42.279488*********;42.27948**********;42.2794***********;42.279************;42.27*************;42.2**************;42.***************;42****************;4*****************;******************
42.280886818399999;42.28088681839999*;42.2808868183999**;42.280886818399***;42.28088681839****;42.2808868183*****;42.280886818******;42.28088681*******;42.2808868********;42.280886*********;42.28088**********;42.2808***********;42.280************;42.28*************;42.2**************;42.***************;42****************;4*****************;******************
42.303586804799998;42.30358680479999*;42.3035868047999**;42.303586804799***;42.30358680479****;42.3035868047*****;42.303586804******;42.30358680*******;42.3035868********;42.303586*********;42.30358**********;42.3035***********;42.303************;42.30*************;42.3**************;42.***************;42****************;4*****************;******************
42.308136133300003;42.30813613330000*;42.3081361333000**;42.308136133300***;42.30813613330****;42.3081361333*****;42.308136133******;42.30813613*******;42.3081361********;42.308136*********;42.30813**********;42.3081***********;42.308************;42.30*************;42.3**************;42.***************;42****************;4*****************;******************
42.311178439999999;42.31117843999999*;42.3111784399999**;42.311178439999***;42.31117843999****;42.3111784399*****;42.311178439******;42.31117843*******;42.3111784********;42.311178*********;42.31117**********;42.3111***********;42.311************;42.31*************;42.3**************;42.***************;42****************;4*****************;******************
42.3232155667;     42.323215566*;     42.32321556**;     42.3232155***;     42.323215****;     42.32321*****;     42.3232******;     42.323*******;     42.32********;     42.3*********;     42.**********;     42***********;     4************;     *************;    **************;   ***************;  ****************; *****************;******************
42.323436866199998;42.32343686619999*;42.3234368661999**;42.323436866199***;42.32343686619****;42.3234368661*****;42.323436866******;42.32343686*******;42.3234368********;42.323436*********;42.32343**********;42.3234***********;42.323************;42.32*************;42.3**************;42.***************;42****************;4*****************;******************
42.323550533300001;42.32355053330000*;42.3235505333000**;42.323550533300***;42.32355053330****;42.3235505333*****;42.323550533******;42.32355053*******;42.3235505********;42.323550*********;42.32355**********;42.3235***********;42.323************;42.32*************;42.3**************;42.***************;42****************;4*****************;******************
42.323570924000002;42.32357092400000*;42.3235709240000**;42.323570924000***;42.32357092400****;42.3235709240*****;42.323570924******;42.32357092*******;42.3235709********;42.323570*********;42.32357**********;42.3235***********;42.323************;42.32*************;42.3**************;42.***************;42****************;4*****************;******************
42.323924708500002;42.32392470850000*;42.3239247085000**;42.323924708500***;42.32392470850****;42.3239247085*****;42.323924708******;42.32392470*******;42.3239247********;42.323924*********;42.32392**********;42.3239***********;42.323************;42.32*************;42.3**************;42.***************;42****************;4*****************;******************
42.328402799999999;42.32840279999999*;42.3284027999999**;42.328402799999***;42.32840279999****;42.3284027999*****;42.328402799******;42.32840279*******;42.3284027********;42.328402*********;42.32840**********;42.3284***********;42.328************;42.32*************;42.3**************;42.***************;42****************;4*****************;******************
42.328554771900002;42.32855477190000*;42.3285547719000**;42.328554771900***;42.32855477190****;42.3285547719*****;42.328554771******;42.32855477*******;42.3285547********;42.328554*********;42.32855**********;42.3285***********;42.328************;42.32*************;42.3**************;42.***************;42****************;4*****************;******************
42.334914040299999;42.33491404029999*;42.3349140402999**;42.334914040299***;42.33491404029****;42.3349140402*****;42.334914040******;42.33491404*******;42.3349140********;42.334914*********;42.33491**********;42.3349***********;42.334************;42.33*************;42.3**************;42.***************;42****************;4*****************;******************
42.33664297;       42.3366429*;       42.336642**;       42.33664***;       42.3366****;       42.336*****;       42.33******;       42.3*******;       42.********;       42*********;       4**********;       ***********;      ************;     *************;    **************;   ***************;  ****************; *****************;******************
42.339450396799997;42.33945039679999*;42.3394503967999**;42.339450396799***;42.33945039679****;42.3394503967*****;42.339450396******;42.33945039*******;42.3394503********;42.339450*********;42.33945**********;42.3394***********;42.339************;42.33*************;42.3**************;42.***************;42****************;4*****************;******************
42.377383350000002;42.37738335000000*;42.3773833500000**;42.377383350000***;42.37738335000****;42.3773833500*****;42.377383350******;42.37738335*******;42.3773833********;42.377383*********;42.37738**********;42.3773***********;42.377************;42.37*************;42.3**************;42.***************;42****************;4*****************;******************
42.476224483000003;42.47622448300000*;42.4762244830000**;42.476224483000***;42.47622448300****;42.4762244830*****;42.476224483******;42.47622448*******;42.4762244********;42.476224*********;42.47622**********;42.4762***********;42.476************;42.47*************;42.4**************;42.***************;42****************;4*****************;******************
42.478245999999999;42.47824599999999*;42.4782459999999**;42.478245999999***;42.47824599999****;42.4782459999*****;42.478245999******;42.47824599*******;42.4782459********;42.478245*********;42.47824**********;42.4782***********;42.478************;42.47*************;42.4**************;42.***************;42****************;4*****************;******************
42.481149567000003;42.48114956700000*;42.4811495670000**;42.481149567000***;42.48114956700****;42.4811495670*****;42.481149567******;42.48114956*******;42.4811495********;42.481149*********;42.48114**********;42.4811***********;42.481************;42.48*************;42.4**************;42.***************;42****************;4*****************;******************
42.484955280199998;42.48495528019999*;42.4849552801999**;42.484955280199***;42.48495528019****;42.4849552801*****;42.484955280******;42.48495528*******;42.4849552********;42.484955*********;42.48495**********;42.4849***********;42.484************;42.48*************;42.4**************;42.***************;42****************;4*****************;******************
42.506330166700003;42.50633016670000*;42.5063301667000**;42.506330166700***;42.50633016670****;42.5063301667*****;42.506330166******;42.50633016*******;42.5063301********;42.506330*********;42.50633**********;42.5063***********;42.506************;42.50*************;42.5**************;42.***************;42****************;4*****************;******************
42.510187589300003;42.51018758930000*;42.5101875893000**;42.510187589300***;42.51018758930****;42.5101875893*****;42.510187589******;42.51018758*******;42.5101875********;42.510187*********;42.51018**********;42.5101***********;42.510************;42.51*************;42.5**************;42.***************;42****************;4*****************;******************
42.514051019999997;42.51405101999999*;42.5140510199999**;42.514051019999***;42.51405101999****;42.5140510199*****;42.514051019******;42.51405101*******;42.5140510********;42.514051*********;42.51405**********;42.5140***********;42.514************;42.51*************;42.5**************;42.***************;42****************;4*****************;******************
42.517653299999999;42.51765329999999*;42.5176532999999**;42.517653299999***;42.51765329999****;42.5176532999*****;42.517653299******;42.51765329*******;42.5176532********;42.517653*********;42.51765**********;42.5176***********;42.517************;42.51*************;42.5**************;42.***************;42****************;4*****************;******************
42.526681033300001;42.52668103330000*;42.5266810333000**;42.526681033300***;42.52668103330****;42.5266810333*****;42.526681033******;42.52668103*******;42.5266810********;42.526681*********;42.52668**********;42.5266***********;42.526************;42.52*************;42.5**************;42.***************;42****************;4*****************;******************
42.531543550000002;42.53154355000000*;42.5315435500000**;42.531543550000***;42.53154355000****;42.5315435500*****;42.531543550******;42.53154355*******;42.5315435********;42.531543*********;42.53154**********;42.5315***********;42.531************;42.53*************;42.5**************;42.***************;42****************;4*****************;******************
42.531666280899998;42.53166628089999*;42.5316662808999**;42.531666280899***;42.53166628089****;42.5316662808*****;42.531666280******;42.53166628*******;42.5316662********;42.531666*********;42.53166**********;42.5316***********;42.531************;42.53*************;42.5**************;42.***************;42****************;4*****************;******************
42.532860093700002;42.53286009370000*;42.5328600937000**;42.532860093700***;42.53286009370****;42.5328600937*****;42.532860093******;42.53286009*******;42.5328600********;42.532860*********;42.53286**********;42.5328***********;42.532************;42.53*************;42.5**************;42.***************;42****************;4*****************;******************
42.5455151309;     42.545515130*;     42.54551513**;     42.5455151***;     42.545515****;     42.54551*****;     42.5455******;     42.545*******;     42.54********;     42.5*********;     42.**********;     42***********;     4************;     *************;    **************;   ***************;  ****************; *****************;******************
42.5456623667;     42.545662366*;     42.54566236**;     42.5456623***;     42.545662****;     42.54566*****;     42.5456******;     42.545*******;     42.54********;     42.5*********;     42.**********;     42***********;     4************;     *************;    **************;   ***************;  ****************; *****************;******************
42.547050966699999;42.54705096669999*;42.5470509666999**;42.547050966699***;42.54705096669****;42.5470509666*****;42.547050966******;42.54705096*******;42.5470509********;42.547050*********;42.54705**********;42.5470***********;42.547************;42.54*************;42.5**************;42.***************;42****************;4*****************;******************
42.547579273700002;42.54757927370000*;42.5475792737000**;42.547579273700***;42.54757927370****;42.5475792737*****;42.547579273******;42.54757927*******;42.5475792********;42.547579*********;42.54757**********;42.5475***********;42.547************;42.54*************;42.5**************;42.***************;42****************;4*****************;******************
42.547580043400004;42.54758004340000*;42.5475800434000**;42.547580043400***;42.54758004340****;42.5475800434*****;42.547580043******;42.54758004*******;42.5475800********;42.547580*********;42.54758**********;42.5475***********;42.547************;42.54*************;42.5**************;42.***************;42****************;4*****************;******************
42.547634016700002;42.54763401670000*;42.5476340167000**;42.547634016700***;42.54763401670****;42.5476340167*****;42.547634016******;42.54763401*******;42.5476340********;42.547634*********;42.54763**********;42.5476***********;42.547************;42.54*************;42.5**************;42.***************;42****************;4*****************;******************
42.548246445499998;42.54824644549999*;42.5482464454999**;42.548246445499***;42.54824644549****;42.5482464454*****;42.548246445******;42.54824644*******;42.5482464********;42.548246*********;42.54824**********;42.5482***********;42.548************;42.54*************;42.5**************;42.***************;42****************;4*****************;******************
42.5537656833;     42.553765683*;     42.55376568**;     42.5537656***;     42.553765****;     42.55376*****;     42.5537******;     42.553*******;     42.55********;     42.5*********;     42.**********;     42***********;     4************;     *************;    **************;   ***************;  ****************; *****************;******************
42.622094173400001;42.62209417340000*;42.6220941734000**;42.622094173400***;42.62209417340****;42.6220941734*****;42.622094173******;42.62209417*******;42.6220941********;42.622094*********;42.62209**********;42.6220***********;42.622************;42.62*************;42.6**************;42.***************;42****************;4*****************;******************
42.622221099999997;42.62222109999999*;42.6222210999999**;42.622221099999***;42.62222109999****;42.6222210999*****;42.622221099******;42.62222109*******;42.6222210********;42.622221*********;42.62222**********;42.6222***********;42.622************;42.62*************;42.6**************;42.***************;42****************;4*****************;******************
42.623621100000001;42.62362110000000*;42.6236211000000**;42.623621100000***;42.62362110000****;42.6236211000*****;42.623621100******;42.62362110*******;42.6236211********;42.623621*********;42.62362**********;42.6236***********;42.623************;42.62*************;42.6**************;42.***************;42****************;4*****************;******************
42.625449949999997;42.62544994999999*;42.6254499499999**;42.625449949999***;42.62544994999****;42.6254499499*****;42.625449949******;42.62544994*******;42.6254499********;42.625449*********;42.62544**********;42.6254***********;42.625************;42.62*************;42.6**************;42.***************;42****************;4*****************;******************
42.626232850000001;42.62623285000000*;42.6262328500000**;42.626232850000***;42.62623285000****;42.6262328500*****;42.626232850******;42.62623285*******;42.6262328********;42.626232*********;42.62623**********;42.6262***********;42.626************;42.62*************;42.6**************;42.***************;42****************;4*****************;******************
42.626894695499999;42.62689469549999*;42.6268946954999**;42.626894695499***;42.62689469549****;42.6268946954*****;42.626894695******;42.62689469*******;42.6268946********;42.626894*********;42.62689**********;42.6268***********;42.626************;42.62*************;42.6**************;42.***************;42****************;4*****************;******************
42.659365000000001;42.65936500000000*;42.6593650000000**;42.659365000000***;42.65936500000****;42.6593650000*****;42.659365000******;42.65936500*******;42.6593650********;42.659365*********;42.65936**********;42.6593***********;42.659************;42.65*************;42.6**************;42.***************;42****************;4*****************;******************
42.663248830000001;42.66324883000000*;42.6632488300000**;42.663248830000***;42.66324883000****;42.6632488300*****;42.663248830******;42.66324883*******;42.6632488********;42.663248*********;42.66324**********;42.6632***********;42.663************;42.66*************;42.6**************;42.***************;42****************;4*****************;******************
42.668815600000002;42.66881560000000*;42.6688156000000**;42.668815600000***;42.66881560000****;42.6688156000*****;42.668815600******;42.66881560*******;42.6688156********;42.668815*********;42.66881**********;42.6688***********;42.668************;42.66*************;42.6**************;42.***************;42****************;4*****************;******************
42.672704633099997;42.67270463309999*;42.6727046330999**;42.672704633099***;42.67270463309****;42.6727046330*****;42.672704633******;42.67270463*******;42.6727046********;42.672704*********;42.67270**********;42.6727***********;42.672************;42.67*************;42.6**************;42.***************;42****************;4*****************;******************
42.702607090000001;42.70260709000000*;42.7026070900000**;42.702607090000***;42.70260709000****;42.7026070900*****;42.702607090******;42.70260709*******;42.7026070********;42.702607*********;42.70260**********;42.7026***********;42.702************;42.70*************;42.7**************;42.***************;42****************;4*****************;******************
42.7028064;        42.702806*;        42.70280**;        42.7028***;        42.702****;        42.70*****;        42.7******;        42.*******;        42********;        4*********;        **********;       ***********;      ************;     *************;    **************;   ***************;  ****************; *****************;******************
42.784283469199998;42.78428346919999*;42.7842834691999**;42.784283469199***;42.78428346919****;42.7842834691*****;42.784283469******;42.78428346*******;42.7842834********;42.784283*********;42.78428**********;42.7842***********;42.784************;42.78*************;42.7**************;42.***************;42****************;4*****************;******************
42.809268733300001;42.80926873330000*;42.8092687333000**;42.809268733300***;42.80926873330****;42.8092687333*****;42.809268733******;42.80926873*******;42.8092687********;42.809268*********;42.80926**********;42.8092***********;42.809************;42.80*************;42.8**************;42.***************;42****************;4*****************;******************
43.0815567;        43.081556*;        43.08155**;        43.0815***;        43.081****;        43.08*****;        43.0******;        43.*******;        43********;        4*********;        **********;       ***********;      ************;     *************;    **************;   ***************;  ****************; *****************;******************
43.08213585;       43.0821358*;       43.082135**;       43.08213***;       43.0821****;       43.082*****;       43.08******;       43.0*******;       43.********;       43*********;       4**********;       ***********;      ************;     *************;    **************;   ***************;  ****************; *****************;******************
43.083495716000002;43.08349571600000*;43.0834957160000**;43.083495716000***;43.08349571600****;43.0834957160*****;43.083495716******;43.08349571*******;43.0834957********;43.083495*********;43.08349**********;43.0834***********;43.083************;43.08*************;43.0**************;43.***************;43****************;4*****************;******************
43.086583789999999;43.08658378999999*;43.0865837899999**;43.086583789999***;43.08658378999****;43.0865837899*****;43.086583789******;43.08658378*******;43.0865837********;43.086583*********;43.08658**********;43.0865***********;43.086************;43.08*************;43.0**************;43.***************;43****************;4*****************;******************
43.0869495667;     43.086949566*;     43.08694956**;     43.0869495***;     43.086949****;     43.08694*****;     43.0869******;     43.086*******;     43.08********;     43.0*********;     43.**********;     43***********;     4************;     *************;    **************;   ***************;  ****************; *****************;******************
