-111.54377746;-111.54377746     *;-111.54377746    **;-111.54377746   ***;-111.54377746  ****;-111.54377746 *****;-111.54377746******;-111.5437774*******;-111.543777********;-111.54377*********;-111.5437**********;-111.543***********;-111.54************;-111.5*************;-111.**************;-111***************;-11****************;-1*****************;-******************;*******************
-111.54543545;-111.54543545     *;-111.54543545    **;-111.54543545   ***;-111.54543545  ****;-111.54543545 *****;-111.54543545******;-111.5454354*******;-111.545435********;-111.54543*********;-111.5454**********;-111.545***********;-111.54************;-111.5*************;-111.**************;-111***************;-11****************;-1*****************;-******************;*******************
-111.5505731106;-111.5505731106   *;-111.5505731106  **;-111.5505731106 ***;-111.5505731106****;-111.550573110*****;-111.55057311******;-111.5505731*******;-111.550573********;-111.55057*********;-111.5505**********;-111.550***********;-111.55************;-111.5*************;-111.**************;-111***************;-11****************;-1*****************;-******************;*******************
-111.55145228329999;-111.5514522832999*;-111.551452283299**;-111.55145228329***;-111.5514522832****;-111.551452283*****;-111.55145228******;-111.5514522*******;-111.551452********;-111.55145*********;-111.5514**********;-111.551***********;-111.55************;-111.5*************;-111.**************;-111***************;-11****************;-1*****************;-******************;*******************
-111.551584217;-111.551584217    *;-111.551584217   **;-111.551584217  ***;-111.551584217 ****;-111.551584217*****;-111.55158421******;-111.5515842*******;-111.551584********;-111.55158*********;-111.5515**********;-111.551***********;-111.55************;-111.5*************;-111.**************;-111***************;-11****************;-1*****************;-******************;*******************
-111.55192375;-111.55192375     *;-111.55192375    **;-111.55192375   ***;-111.55192375  ****;-111.55192375 *****;-111.55192375******;-111.5519237*******;-111.551923********;-111.55192*********;-111.5519**********;-111.551***********;-111.55************;-111.5*************;-111.**************;-111***************;-11****************;-1*****************;-******************;*******************
-111.5520185167;-111.5520185167   *;-111.5520185167  **;-111.5520185167 ***;-111.5520185167****;-111.552018516*****;-111.55201851******;-111.5520185*******;-111.552018********;-111.55201*********;-111.5520**********;-111.552***********;-111.55************;-111.5*************;-111.**************;-111***************;-11****************;-1*****************;-******************;*******************
-111.90251648429999;-111.9025164842999*;-111.902516484299**;-111.90251648429***;-111.9025164842****;-111.902516484*****;-111.90251648******;-111.9025164*******;-111.902516********;-111.90251*********;-111.9025**********;-111.902***********;-111.90************;-111.9*************;-111.**************;-111***************;-11****************;-1*****************;-******************;*******************
-111.90333187580001;-111.9033318758000*;-111.903331875800**;-111.90333187580***;-111.9033318758****;-111.903331875*****;-111.90333187******;-111.9033318*******;-111.903331********;-111.90333*********;-111.9033**********;-111.903***********;-111.90************;-111.9*************;-111.**************;-111***************;-11****************;-1*****************;-******************;*******************
-111.90388441090001;-111.9038844109000*;-111.903884410900**;-111.90388441090***;-111.9038844109****;-111.903884410*****;-111.90388441******;-111.9038844*******;-111.903884********;-111.90388*********;-111.9038**********;-111.903***********;-111.90************;-111.9*************;-111.**************;-111***************;-11****************;-1*****************;-******************;*******************
-111.9039165974;-111.9039165974   *;-111.9039165974  **;-111.9039165974 ***;-111.9039165974****;-111.903916597*****;-111.90391659******;-111.9039165*******;-111.903916********;-111.90391*********;-111.9039**********;-111.903***********;-111.90************;-111.9*************;-111.**************;-111***************;-11****************;-1*****************;-******************;*******************
-111.903938055;-111.903938055    *;-111.903938055   **;-111.903938055  ***;-111.903938055 ****;-111.903938055*****;-111.90393805******;-111.9039380*******;-111.903938********;-111.90393*********;-111.9039**********;-111.903***********;-111.90************;-111.9*************;-111.**************;-111***************;-11****************;-1*****************;-******************;*******************
-111.9042652845;-111.9042652845   *;-111.9042652845  **;-111.9042652845 ***;-111.9042652845****;-111.904265284*****;-111.90426528******;-111.9042652*******;-111.904265********;-111.90426*********;-111.9042**********;-111.904***********;-111.90************;-111.9*************;-111.**************;-111***************;-11****************;-1*****************;-******************;*******************
-111.90451741219999;-111.9045174121999*;-111.904517412199**;-111.90451741219***;-111.9045174121****;-111.904517412*****;-111.90451741******;-111.9045174*******;-111.904517********;-111.90451*********;-111.9045**********;-111.904***********;-111.90************;-111.9*************;-111.**************;-111***************;-11****************;-1*****************;-******************;*******************
-111.94270133969999;-111.9427013396999*;-111.942701339699**;-111.94270133969***;-111.9427013396****;-111.942701339*****;-111.94270133******;-111.9427013*******;-111.942701********;-111.94270*********;-111.9427**********;-111.942***********;-111.94************;-111.9*************;-111.**************;-111***************;-11****************;-1*****************;-******************;*******************
-111.9816255569;-111.9816255569   *;-111.9816255569  **;-111.9816255569 ***;-111.9816255569****;-111.981625556*****;-111.98162555******;-111.9816255*******;-111.981625********;-111.98162*********;-111.9816**********;-111.981***********;-111.98************;-111.9*************;-111.**************;-111***************;-11****************;-1*****************;-******************;*******************
-111.9822263718;-111.9822263718   *;-111.9822263718  **;-111.9822263718 ***;-111.9822263718****;-111.982226371*****;-111.98222637******;-111.9822263*******;-111.982226********;-111.98222*********;-111.9822**********;-111.982***********;-111.98************;-111.9*************;-111.**************;-111***************;-11****************;-1*****************;-******************;*******************
-111.9822585583;-111.9822585583   *;-111.9822585583  **;-111.9822585583 ***;-111.9822585583****;-111.982258558*****;-111.98225855******;-111.9822585*******;-111.982258********;-111.98225*********;-111.9822**********;-111.982***********;-111.98************;-111.9*************;-111.**************;-111***************;-11****************;-1*****************;-******************;*******************
-112.0176790333;-112.0176790333   *;-112.0176790333  **;-112.0176790333 ***;-112.0176790333****;-112.017679033*****;-112.01767903******;-112.0176790*******;-112.017679********;-112.01767*********;-112.0176**********;-112.017***********;-112.01************;-112.0*************;-112.**************;-112***************;-11****************;-1*****************;-******************;*******************
-112.0284049089;-112.0284049089   *;-112.0284049089  **;-112.0284049089 ***;-112.0284049089****;-112.028404908*****;-112.02840490******;-112.0284049*******;-112.028404********;-112.02840*********;-112.0284**********;-112.028***********;-112.02************;-112.0*************;-112.**************;-112***************;-11****************;-1*****************;-******************;*******************
-118.25533595;-118.25533595     *;-118.25533595    **;-118.25533595   ***;-118.25533595  ****;-118.25533595 *****;-118.25533595******;-118.2553359*******;-118.255335********;-118.25533*********;-118.2553**********;-118.255***********;-118.25************;-118.2*************;-118.**************;-118***************;-11****************;-1*****************;-******************;*******************
-118.2573119667;-118.2573119667   *;-118.2573119667  **;-118.2573119667 ***;-118.2573119667****;-118.257311966*****;-118.25731196******;-118.2573119*******;-118.257311********;-118.25731*********;-118.2573**********;-118.257***********;-118.25************;-118.2*************;-118.**************;-118***************;-11****************;-1*****************;-******************;*******************
-118.26091289519999;-118.2609128951999*;-118.260912895199**;-118.26091289519***;-118.2609128951****;-118.260912895*****;-118.26091289******;-118.2609128*******;-118.260912********;-118.26091*********;-118.2609**********;-118.260***********;-118.26************;-118.2*************;-118.**************;-118***************;-11****************;-1*****************;-******************;*******************
-118.2610845566;-118.2610845566   *;-118.2610845566  **;-118.2610845566 ***;-118.2610845566****;-118.261084556*****;-118.26108455******;-118.2610845*******;-118.261084********;-118.26108*********;-118.2610**********;-118.261***********;-118.26************;-118.2*************;-118.**************;-118***************;-11****************;-1*****************;-******************;*******************
-118.26147076700001;-118.2614707670000*;-118.261470767000**;-118.26147076700***;-118.2614707670****;-118.261470767*****;-118.26147076******;-118.2614707*******;-118.261470********;-118.26147*********;-118.2614**********;-118.261***********;-118.26************;-118.2*************;-118.**************;-118***************;-11****************;-1*****************;-******************;*******************
-118.2617290833;-118.2617290833   *;-118.2617290833  **;-118.2617290833 ***;-118.2617290833****;-118.261729083*****;-118.26172908******;-118.2617290*******;-118.261729********;-118.26172*********;-118.2617**********;-118.261***********;-118.26************;-118.2*************;-118.**************;-118***************;-11****************;-1*****************;-******************;*******************
-118.262315317;-118.262315317    *;-118.262315317   **;-118.262315317  ***;-118.262315317 ****;-118.262315317*****;-118.26231531******;-118.2623153*******;-118.262315********;-118.26231*********;-118.2623**********;-118.262***********;-118.26************;-118.2*************;-118.**************;-118***************;-11****************;-1*****************;-******************;*******************
-118.26363811269999;-118.2636381126999*;-118.263638112699**;-118.26363811269***;-118.2636381126****;-118.263638112*****;-118.26363811******;-118.2636381*******;-118.263638********;-118.26363*********;-118.2636**********;-118.263***********;-118.26************;-118.2*************;-118.**************;-118***************;-11****************;-1*****************;-******************;*******************
-118.26406805880001;-118.2640680588000*;-118.264068058800**;-118.26406805880***;-118.2640680588****;-118.264068058*****;-118.26406805******;-118.2640680*******;-118.264068********;-118.26406*********;-118.2640**********;-118.264***********;-118.26************;-118.2*************;-118.**************;-118***************;-11****************;-1*****************;-******************;*******************
-118.26694740000001;-118.2669474000000*;-118.266947400000**;-118.26694740000***;-118.2669474000****;-118.266947400*****;-118.26694740******;-118.2669474*******;-118.266947********;-118.26694*********;-118.2669**********;-118.266***********;-118.26************;-118.2*************;-118.**************;-118***************;-11****************;-1*****************;-******************;*******************
-118.26715707779999;-118.2671570777999*;-118.267157077799**;-118.26715707779***;-118.2671570777****;-118.267157077*****;-118.26715707******;-118.2671570*******;-118.267157********;-118.26715*********;-118.2671**********;-118.267***********;-118.26************;-118.2*************;-118.**************;-118***************;-11****************;-1*****************;-******************;*******************
-118.2785955824;-118.2785955824   *;-118.2785955824  **;-118.2785955824 ***;-118.2785955824****;-118.278595582*****;-118.27859558******;-118.2785955*******;-118.278595********;-118.27859*********;-118.2785**********;-118.278***********;-118.27************;-118.2*************;-118.**************;-118***************;-11****************;-1*****************;-******************;*******************
-118.2794415951;-118.2794415951   *;-118.2794415951  **;-118.2794415951 ***;-118.2794415951****;-118.279441595*****;-118.27944159******;-118.2794415*******;-118.279441********;-118.27944*********;-118.2794**********;-118.279***********;-118.27************;-118.2*************;-118.**************;-118***************;-11****************;-1*****************;-******************;*******************
-118.2795381546;-118.2795381546   *;-118.2795381546  **;-118.2795381546 ***;-118.2795381546****;-118.279538154*****;-118.27953815******;-118.2795381*******;-118.279538********;-118.27953*********;-118.2795**********;-118.279***********;-118.27************;-118.2*************;-118.**************;-118***************;-11****************;-1*****************;-******************;*******************
-118.2883451167;-118.2883451167   *;-118.2883451167  **;-118.2883451167 ***;-118.2883451167****;-118.288345116*****;-118.28834511******;-118.2883451*******;-118.288345********;-118.28834*********;-118.2883**********;-118.288***********;-118.28************;-118.2*************;-118.**************;-118***************;-11****************;-1*****************;-******************;*******************
-118.28940220379999;-118.2894022037999*;-118.289402203799**;-118.28940220379***;-118.2894022037****;-118.289402203*****;-118.28940220******;-118.2894022*******;-118.289402********;-118.28940*********;-118.2894**********;-118.289***********;-118.28************;-118.2*************;-118.**************;-118***************;-11****************;-1*****************;-******************;*******************
-118.293083606;-118.293083606    *;-118.293083606   **;-118.293083606  ***;-118.293083606 ****;-118.293083606*****;-118.29308360******;-118.2930836*******;-118.293083********;-118.29308*********;-118.2930**********;-118.293***********;-118.29************;-118.2*************;-118.**************;-118***************;-11****************;-1*****************;-******************;*******************
-118.2973189667;-118.2973189667   *;-118.2973189667  **;-118.2973189667 ***;-118.2973189667****;-118.297318966*****;-118.29731896******;-118.2973189*******;-118.297318********;-118.29731*********;-118.2973**********;-118.297***********;-118.29************;-118.2*************;-118.**************;-118***************;-11****************;-1*****************;-******************;*******************
-118.2978056237;-118.2978056237   *;-118.2978056237  **;-118.2978056237 ***;-118.2978056237****;-118.297805623*****;-118.29780562******;-118.2978056*******;-118.297805********;-118.29780*********;-118.2978**********;-118.297***********;-118.29************;-118.2*************;-118.**************;-118***************;-11****************;-1*****************;-******************;*******************
-118.29974540000001;-118.2997454000000*;-118.299745400000**;-118.29974540000***;-118.2997454000****;-118.299745400*****;-118.29974540******;-118.2997454*******;-118.299745********;-118.29974*********;-118.2997**********;-118.299***********;-118.29************;-118.2*************;-118.**************;-118***************;-11****************;-1*****************;-******************;*******************
-118.3010091333;-118.3010091333   *;-118.3010091333  **;-118.3010091333 ***;-118.3010091333****;-118.301009133*****;-118.30100913******;-118.3010091*******;-118.301009********;-118.30100*********;-118.3010**********;-118.301***********;-118.30************;-118.3*************;-118.**************;-118***************;-11****************;-1*****************;-******************;*******************
-118.3021411333;-118.3021411333   *;-118.3021411333  **;-118.3021411333 ***;-118.3021411333****;-118.302141133*****;-118.30214113******;-118.3021411*******;-118.302141********;-118.30214*********;-118.3021**********;-118.302***********;-118.30************;-118.3*************;-118.**************;-118***************;-11****************;-1*****************;-******************;*******************
-118.3627867333;-118.3627867333   *;-118.3627867333  **;-118.3627867333 ***;-118.3627867333****;-118.362786733*****;-118.36278673******;-118.3627867*******;-118.362786********;-118.36278*********;-118.3627**********;-118.362***********;-118.36************;-118.3*************;-118.**************;-118***************;-11****************;-1*****************;-******************;*******************
-118.36330028330001;-118.3633002833000*;-118.363300283300**;-118.36330028330***;-118.3633002833****;-118.363300283*****;-118.36330028******;-118.3633002*******;-118.363300********;-118.36330*********;-118.3633**********;-118.363***********;-118.36************;-118.3*************;-118.**************;-118***************;-11****************;-1*****************;-******************;*******************
-118.37592923;-118.37592923     *;-118.37592923    **;-118.37592923   ***;-118.37592923  ****;-118.37592923 *****;-118.37592923******;-118.3759292*******;-118.375929********;-118.37592*********;-118.3759**********;-118.375***********;-118.37************;-118.3*************;-118.**************;-118***************;-11****************;-1*****************;-******************;*******************
-118.3937374833;-118.3937374833   *;-118.3937374833  **;-118.3937374833 ***;-118.3937374833****;-118.393737483*****;-118.39373748******;-118.3937374*******;-118.393737********;-118.39373*********;-118.3937**********;-118.393***********;-118.39************;-118.3*************;-118.**************;-118***************;-11****************;-1*****************;-******************;*******************
-118.4107355039;-118.4107355039   *;-118.4107355039  **;-118.4107355039 ***;-118.4107355039****;-118.410735503*****;-118.41073550******;-118.4107355*******;-118.410735********;-118.41073*********;-118.4107**********;-118.410***********;-118.41************;-118.4*************;-118.**************;-118***************;-11****************;-1*****************;-******************;*******************
-118.41093873;-118.41093873     *;-118.41093873    **;-118.41093873   ***;-118.41093873  ****;-118.41093873 *****;-118.41093873******;-118.4109387*******;-118.410938********;-118.41093*********;-118.4109**********;-118.410***********;-118.41************;-118.4*************;-118.**************;-118***************;-11****************;-1*****************;-******************;*******************
-118.4110951424;-118.4110951424   *;-118.4110951424  **;-118.4110951424 ***;-118.4110951424****;-118.411095142*****;-118.41109514******;-118.4110951*******;-118.411095********;-118.41109*********;-118.4110**********;-118.411***********;-118.41************;-118.4*************;-118.**************;-118***************;-11****************;-1*****************;-******************;*******************
-118.41144855;-118.41144855     *;-118.41144855    **;-118.41144855   ***;-118.41144855  ****;-118.41144855 *****;-118.41144855******;-118.4114485*******;-118.411448********;-118.41144*********;-118.4114**********;-118.411***********;-118.41************;-118.4*************;-118.**************;-118***************;-11****************;-1*****************;-******************;*******************
-118.4129605742;-118.4129605742   *;-118.4129605742  **;-118.4129605742 ***;-118.4129605742****;-118.412960574*****;-118.41296057******;-118.4129605*******;-118.412960********;-118.41296*********;-118.4129**********;-118.412***********;-118.41************;-118.4*************;-118.**************;-118***************;-11****************;-1*****************;-******************;*******************
-118.4147429466;-118.4147429466   *;-118.4147429466  **;-118.4147429466 ***;-118.4147429466****;-118.414742946*****;-118.41474294******;-118.4147429*******;-118.414742********;-118.41474*********;-118.4147**********;-118.414***********;-118.41************;-118.4*************;-118.**************;-118***************;-11****************;-1*****************;-******************;*******************
-118.4217069667;-118.4217069667   *;-118.4217069667  **;-118.4217069667 ***;-118.4217069667****;-118.421706966*****;-118.42170696******;-118.4217069*******;-118.421706********;-118.42170*********;-118.4217**********;-118.421***********;-118.42************;-118.4*************;-118.**************;-118***************;-11****************;-1*****************;-******************;*******************
-118.42604195600001;-118.4260419560000*;-118.426041956000**;-118.42604195600***;-118.4260419560****;-118.426041956*****;-118.42604195******;-118.4260419*******;-118.426041********;-118.42604*********;-118.4260**********;-118.426***********;-118.42************;-118.4*************;-118.**************;-118***************;-11****************;-1*****************;-******************;*******************
-118.43132346669999;-118.4313234666999*;-118.431323466699**;-118.43132346669***;-118.4313234666****;-118.431323466*****;-118.43132346******;-118.4313234*******;-118.431323********;-118.43132*********;-118.4313**********;-118.431***********;-118.43************;-118.4*************;-118.**************;-118***************;-11****************;-1*****************;-******************;*******************
-118.43943107;-118.43943107     *;-118.43943107    **;-118.43943107   ***;-118.43943107  ****;-118.43943107 *****;-118.43943107******;-118.4394310*******;-118.439431********;-118.43943*********;-118.4394**********;-118.439***********;-118.43************;-118.4*************;-118.**************;-118***************;-11****************;-1*****************;-******************;*******************
-118.439747567;-118.439747567    *;-118.439747567   **;-118.439747567  ***;-118.439747567 ****;-118.439747567*****;-118.43974756******;-118.4397475*******;-118.439747********;-118.43974*********;-118.4397**********;-118.439***********;-118.43************;-118.4*************;-118.**************;-118***************;-11****************;-1*****************;-******************;*******************
-118.4418916785;-118.4418916785   *;-118.4418916785  **;-118.4418916785 ***;-118.4418916785****;-118.441891678*****;-118.44189167******;-118.4418916*******;-118.441891********;-118.44189*********;-118.4418**********;-118.441***********;-118.44************;-118.4*************;-118.**************;-118***************;-11****************;-1*****************;-******************;*******************
-118.447508812;-118.447508812    *;-118.447508812   **;-118.447508812  ***;-118.447508812 ****;-118.447508812*****;-118.44750881******;-118.4475088*******;-118.447508********;-118.44750*********;-118.4475**********;-118.447***********;-118.44************;-118.4*************;-118.**************;-118***************;-11****************;-1*****************;-******************;*******************
-118.44880925;-118.44880925     *;-118.44880925    **;-118.44880925   ***;-118.44880925  ****;-118.44880925 *****;-118.44880925******;-118.4488092*******;-118.448809********;-118.44880*********;-118.4488**********;-118.448***********;-118.44************;-118.4*************;-118.**************;-118***************;-11****************;-1*****************;-******************;*******************
-118.4493138667;-118.4493138667   *;-118.4493138667  **;-118.4493138667 ***;-118.4493138667****;-118.449313866*****;-118.44931386******;-118.4493138*******;-118.449313********;-118.44931*********;-118.4493**********;-118.449***********;-118.44************;-118.4*************;-118.**************;-118***************;-11****************;-1*****************;-******************;*******************
-118.4548426736;-118.4548426736   *;-118.4548426736  **;-118.4548426736 ***;-118.4548426736****;-118.454842673*****;-118.45484267******;-118.4548426*******;-118.454842********;-118.45484*********;-118.4548**********;-118.454***********;-118.45************;-118.4*************;-118.**************;-118***************;-11****************;-1*****************;-******************;*******************
-118.4551926167;-118.4551926167   *;-118.4551926167  **;-118.4551926167 ***;-118.4551926167****;-118.455192616*****;-118.45519261******;-118.4551926*******;-118.455192********;-118.45519*********;-118.4551**********;-118.455***********;-118.45************;-118.4*************;-118.**************;-118***************;-11****************;-1*****************;-******************;*******************
-118.45865984;-118.45865984     *;-118.45865984    **;-118.45865984   ***;-118.45865984  ****;-118.45865984 *****;-118.45865984******;-118.4586598*******;-118.458659********;-118.45865*********;-118.4586**********;-118.458***********;-118.45************;-118.4*************;-118.**************;-118***************;-11****************;-1*****************;-******************;*******************
-118.4673142433;-118.4673142433   *;-118.4673142433  **;-118.4673142433 ***;-118.4673142433****;-118.467314243*****;-118.46731424******;-118.4673142*******;-118.467314********;-118.46731*********;-118.4673**********;-118.467***********;-118.46************;-118.4*************;-118.**************;-118***************;-11****************;-1*****************;-******************;*******************
-118.4676396;-118.4676396      *;-118.4676396     **;-118.4676396    ***;-118.4676396   ****;-118.4676396  *****;-118.4676396 ******;-118.4676396*******;-118.467639********;-118.46763*********;-118.4676**********;-118.467***********;-118.46************;-118.4*************;-118.**************;-118***************;-11****************;-1*****************;-******************;*******************
-73.782806396500007;-73.78280639650000*;-73.7828063965000**;-73.782806396500***;-73.78280639650****;-73.7828063965*****;-73.782806396******;-73.78280639*******;-73.7828063********;-73.782806*********;-73.78280**********;-73.7828***********;-73.782************;-73.78*************;-73.7**************;-73.***************;-73****************;-7*****************;-******************;*******************
-73.845181640000007;-73.84518164000000*;-73.8451816400000**;-73.845181640000***;-73.84518164000****;-73.8451816400*****;-73.845181640******;-73.84518164*******;-73.8451816********;-73.845181*********;-73.84518**********;-73.8451***********;-73.845************;-73.84*************;-73.8**************;-73.***************;-73****************;-7*****************;-******************;*******************
-73.845557874199997;-73.84555787419999*;-73.8455578741999**;-73.845557874199***;-73.84555787419****;-73.8455578741*****;-73.845557874******;-73.84555787*******;-73.8455578********;-73.845557*********;-73.84555**********;-73.8455***********;-73.845************;-73.84*************;-73.8**************;-73.***************;-73****************;-7*****************;-******************;*******************
-73.849193;-73.849193        *;-73.849193       **;-73.849193      ***;-73.849193     ****;-73.849193    *****;-73.849193   ******;-73.849193  *******;-73.849193 ********;-73.849193*********;-73.84919**********;-73.8491***********;-73.849************;-73.84*************;-73.8**************;-73.***************;-73****************;-7*****************;-******************;*******************
-73.862959883299993;-73.86295988329999*;-73.8629598832999**;-73.862959883299***;-73.86295988329****;-73.8629598832*****;-73.862959883******;-73.86295988*******;-73.8629598********;-73.862959*********;-73.86295**********;-73.8629***********;-73.862************;-73.86*************;-73.8**************;-73.***************;-73****************;-7*****************;-******************;*******************
-73.872005939499999;-73.87200593949999*;-73.8720059394999**;-73.872005939499***;-73.87200593949****;-73.8720059394*****;-73.872005939******;-73.87200593*******;-73.8720059********;-73.872005*********;-73.87200**********;-73.8720***********;-73.872************;-73.87*************;-73.8**************;-73.***************;-73****************;-7*****************;-******************;*******************
-73.872587019999997;-73.87258701999999*;-73.8725870199999**;-73.872587019999***;-73.87258701999****;-73.8725870199*****;-73.872587019******;-73.87258701*******;-73.8725870********;-73.872587*********;-73.87258**********;-73.8725***********;-73.872************;-73.87*************;-73.8**************;-73.***************;-73****************;-7*****************;-******************;*******************
-73.872799873399998;-73.87279987339999*;-73.8727998733999**;-73.872799873399***;-73.87279987339****;-73.8727998733*****;-73.872799873******;-73.87279987*******;-73.8727998********;-73.872799*********;-73.87279**********;-73.8727***********;-73.872************;-73.87*************;-73.8**************;-73.***************;-73****************;-7*****************;-******************;*******************
-73.988105216700006;-73.98810521670000*;-73.9881052167000**;-73.988105216700***;-73.98810521670****;-73.9881052167*****;-73.988105216******;-73.98810521*******;-73.9881052********;-73.988105*********;-73.98810**********;-73.9881***********;-73.988************;-73.98*************;-73.9**************;-73.***************;-73****************;-7*****************;-******************;*******************
-73.989454507800005;-73.98945450780000*;-73.9894545078000**;-73.989454507800***;-73.98945450780****;-73.9894545078*****;-73.989454507******;-73.98945450*******;-73.9894545********;-73.989454*********;-73.98945**********;-73.9894***********;-73.989************;-73.98*************;-73.9**************;-73.***************;-73****************;-7*****************;-******************;*******************
-73.993421424999994;-73.99342142499999*;-73.9934214249999**;-73.993421424999***;-73.99342142499****;-73.9934214249*****;-73.993421424******;-73.99342142*******;-73.9934214********;-73.993421*********;-73.99342**********;-73.9934***********;-73.993************;-73.99*************;-73.9**************;-73.***************;-73****************;-7*****************;-******************;*******************
-73.994620751699998;-73.99462075169999*;-73.9946207516999**;-73.994620751699***;-73.99462075169****;-73.9946207516*****;-73.994620751******;-73.99462075*******;-73.9946207********;-73.994620*********;-73.99462**********;-73.9946***********;-73.994************;-73.99*************;-73.9**************;-73.***************;-73****************;-7*****************;-******************;*******************
-73.994650766399999;-73.99465076639999*;-73.9946507663999**;-73.994650766399***;-73.99465076639****;-73.9946507663*****;-73.994650766******;-73.99465076*******;-73.9946507********;-73.994650*********;-73.99465**********;-73.9946***********;-73.994************;-73.99*************;-73.9**************;-73.***************;-73****************;-7*****************;-******************;*******************
-73.996202945700006;-73.99620294570000*;-73.9962029457000**;-73.996202945700***;-73.99620294570****;-73.9962029457*****;-73.996202945******;-73.99620294*******;-73.9962029********;-73.996202*********;-73.99620**********;-73.9962***********;-73.996************;-73.99*************;-73.9**************;-73.***************;-73****************;-7*****************;-******************;*******************
-73.996585934099997;-73.99658593409999*;-73.9965859340999**;-73.996585934099***;-73.99658593409****;-73.9965859340*****;-73.996585934******;-73.99658593*******;-73.9965859********;-73.996585*********;-73.99658**********;-73.9965***********;-73.996************;-73.99*************;-73.9**************;-73.***************;-73****************;-7*****************;-******************;*******************
-73.996868133500001;-73.99686813350000*;-73.9968681335000**;-73.996868133500***;-73.99686813350****;-73.9968681335*****;-73.996868133******;-73.99686813*******;-73.9968681********;-73.996868*********;-73.99686**********;-73.9968***********;-73.996************;-73.99*************;-73.9**************;-73.***************;-73****************;-7*****************;-******************;*******************
-73.998535327499994;-73.99853532749999*;-73.9985353274999**;-73.998535327499***;-73.99853532749****;-73.9985353274*****;-73.998535327******;-73.99853532*******;-73.9985353********;-73.998535*********;-73.99853**********;-73.9985***********;-73.998************;-73.99*************;-73.9**************;-73.***************;-73****************;-7*****************;-******************;*******************
-73.999110460300003;-73.99911046030000*;-73.9991104603000**;-73.999110460300***;-73.99911046030****;-73.9991104603*****;-73.999110460******;-73.99911046*******;-73.9991104********;-73.999110*********;-73.99911**********;-73.9991***********;-73.999************;-73.99*************;-73.9**************;-73.***************;-73****************;-7*****************;-******************;*******************
-73.999566435800006;-73.99956643580000*;-73.9995664358000**;-73.999566435800***;-73.99956643580****;-73.9995664358*****;-73.999566435******;-73.99956643*******;-73.9995664********;-73.999566*********;-73.99956**********;-73.9995***********;-73.999************;-73.99*************;-73.9**************;-73.***************;-73****************;-7*****************;-******************;*******************
-74.000097513200004;-74.00009751320000*;-74.0000975132000**;-74.000097513200***;-74.00009751320****;-74.0000975132*****;-74.000097513******;-74.00009751*******;-74.0000975********;-74.000097*********;-74.00009**********;-74.0000***********;-74.000************;-74.00*************;-74.0**************;-74.***************;-74****************;-7*****************;-******************;*******************
-74.000419378299995;-74.00041937829999*;-74.0004193782999**;-74.000419378299***;-74.00041937829****;-74.0004193782*****;-74.000419378******;-74.00041937*******;-74.0004193********;-74.000419*********;-74.00041**********;-74.0004***********;-74.000************;-74.00*************;-74.0**************;-74.***************;-74****************;-7*****************;-******************;*******************
-74.000430107100001;-74.00043010710000*;-74.0004301071000**;-74.000430107100***;-74.00043010710****;-74.0004301071*****;-74.000430107******;-74.00043010*******;-74.0004301********;-74.000430*********;-74.00043**********;-74.0004***********;-74.000************;-74.00*************;-74.0**************;-74.***************;-74****************;-7*****************;-******************;*******************
-74.000552650000003;-74.00055265000000*;-74.0005526500000**;-74.000552650000***;-74.00055265000****;-74.0005526500*****;-74.000552650******;-74.00055265*******;-74.0005526********;-74.000552*********;-74.00055**********;-74.0005***********;-74.000************;-74.00*************;-74.0**************;-74.***************;-74****************;-7*****************;-******************;*******************
-74.003294706299997;-74.00329470629999*;-74.0032947062999**;-74.003294706299***;-74.00329470629****;-74.0032947062*****;-74.003294706******;-74.00329470*******;-74.0032947********;-74.003294*********;-74.00329**********;-74.0032***********;-74.003************;-74.00*************;-74.0**************;-74.***************;-74****************;-7*****************;-******************;*******************
-74.004145483299993;-74.00414548329999*;-74.0041454832999**;-74.004145483299***;-74.00414548329****;-74.0041454832*****;-74.004145483******;-74.00414548*******;-74.0041454********;-74.004145*********;-74.00414**********;-74.0041***********;-74.004************;-74.00*************;-74.0**************;-74.***************;-74****************;-7*****************;-******************;*******************
-74.004163533300002;-74.00416353330000*;-74.0041635333000**;-74.004163533300***;-74.00416353330****;-74.0041635333*****;-74.004163533******;-74.00416353*******;-74.0041635********;-74.004163*********;-74.00416**********;-74.0041***********;-74.004************;-74.00*************;-74.0**************;-74.***************;-74****************;-7*****************;-******************;*******************
-74.006030559500005;-74.00603055950000*;-74.0060305595000**;-74.006030559500***;-74.00603055950****;-74.0060305595*****;-74.006030559******;-74.00603055*******;-74.0060305********;-74.006030*********;-74.00603**********;-74.0060***********;-74.006************;-74.00*************;-74.0**************;-74.***************;-74****************;-7*****************;-******************;*******************
-74.007626000000002;-74.00762600000000*;-74.0076260000000**;-74.007626000000***;-74.00762600000****;-74.0076260000*****;-74.007626000******;-74.00762600*******;-74.0076260********;-74.007626*********;-74.00762**********;-74.0076***********;-74.007************;-74.00*************;-74.0**************;-74.***************;-74****************;-7*****************;-******************;*******************
-74.013335333300006;-74.01333533330000*;-74.0133353333000**;-74.013335333300***;-74.01333533330****;-74.0133353333*****;-74.013335333******;-74.01333533*******;-74.0133353********;-74.013335*********;-74.01333**********;-74.0133***********;-74.013************;-74.01*************;-74.0**************;-74.***************;-74****************;-7*****************;-******************;*******************
-74.018708483300003;-74.01870848330000*;-74.0187084833000**;-74.018708483300***;-74.01870848330****;-74.0187084833*****;-74.018708483******;-74.01870848*******;-74.0187084********;-74.018708*********;-74.01870**********;-74.0187***********;-74.018************;-74.01*************;-74.0**************;-74.***************;-74****************;-7*****************;-******************;*******************
-74.029355049100005;-74.02935504910000*;-74.0293550491000**;-74.029355049100***;-74.02935504910****;-74.0293550491*****;-74.029355049******;-74.02935504*******;-74.0293550********;-74.029355*********;-74.02935**********;-74.0293***********;-74.029************;-74.02*************;-74.0**************;-74.***************;-74****************;-7*****************;-******************;*******************
-74.030403216699995;-74.03040321669999*;-74.0304032166999**;-74.030403216699***;-74.03040321669****;-74.0304032166*****;-74.030403216******;-74.03040321*******;-74.0304032********;-74.030403*********;-74.03040**********;-74.0304***********;-74.030************;-74.03*************;-74.0**************;-74.***************;-74****************;-7*****************;-******************;*******************
-74.031092466999993;-74.03109246699999*;-74.0310924669999**;-74.031092466999***;-74.03109246699****;-74.0310924669*****;-74.031092466******;-74.03109246*******;-74.0310924********;-74.031092*********;-74.03109**********;-74.0310***********;-74.031************;-74.03*************;-74.0**************;-74.***************;-74****************;-7*****************;-******************;*******************
-74.038108233000003;-74.03810823300000*;-74.0381082330000**;-74.038108233000***;-74.03810823300****;-74.0381082330*****;-74.038108233******;-74.03810823*******;-74.0381082********;-74.038108*********;-74.03810**********;-74.0381***********;-74.038************;-74.03*************;-74.0**************;-74.***************;-74****************;-7*****************;-******************;*******************
-74.179515838599997;-74.17951583859999*;-74.1795158385999**;-74.179515838599***;-74.17951583859****;-74.1795158385*****;-74.179515838******;-74.17951583*******;-74.1795158********;-74.179515*********;-74.17951**********;-74.1795***********;-74.179************;-74.17*************;-74.1**************;-74.***************;-74****************;-7*****************;-******************;*******************
-75.241670608500002;-75.24167060850000*;-75.2416706085000**;-75.241670608500***;-75.24167060850****;-75.2416706085*****;-75.241670608******;-75.24167060*******;-75.2416706********;-75.241670*********;-75.24167**********;-75.2416***********;-75.241************;-75.24*************;-75.2**************;-75.***************;-75****************;-7*****************;-******************;*******************
-76.262836449999995;-76.26283644999999*;-76.2628364499999**;-76.262836449999***;-76.26283644999****;-76.2628364499*****;-76.262836449******;-76.26283644*******;-76.2628364********;-76.262836*********;-76.26283**********;-76.2628***********;-76.262************;-76.26*************;-76.2**************;-76.***************;-76****************;-7*****************;-******************;*******************
-76.299378275899997;-76.29937827589999*;-76.2993782758999**;-76.299378275899***;-76.29937827589****;-76.2993782758*****;-76.299378275******;-76.29937827*******;-76.2993782********;-76.299378*********;-76.29937**********;-76.2993***********;-76.299************;-76.29*************;-76.2**************;-76.***************;-76****************;-7*****************;-******************;*******************
-76.3304977417;-76.3304977417    *;-76.3304977417   **;-76.3304977417  ***;-76.3304977417 ****;-76.3304977417*****;-76.330497741******;-76.33049774*******;-76.3304977********;-76.330497*********;-76.33049**********;-76.3304***********;-76.330************;-76.33*************;-76.3**************;-76.***************;-76****************;-7*****************;-******************;*******************
-76.338580266700006;-76.33858026670000*;-76.3385802667000**;-76.338580266700***;-76.33858026670****;-76.3385802667*****;-76.338580266******;-76.33858026*******;-76.3385802********;-76.338580*********;-76.33858**********;-76.3385***********;-76.338************;-76.33*************;-76.3**************;-76.***************;-76****************;-7*****************;-******************;*******************
-76.354232788100006;-76.35423278810000*;-76.3542327881000**;-76.354232788100***;-76.35423278810****;-76.3542327881*****;-76.354232788******;-76.35423278*******;-76.3542327********;-76.354232*********;-76.35423**********;-76.3542***********;-76.354************;-76.35*************;-76.3**************;-76.***************;-76****************;-7*****************;-******************;*******************
-76.356480450000006;-76.35648045000000*;-76.3564804500000**;-76.356480450000***;-76.35648045000****;-76.3564804500*****;-76.356480450******;-76.35648045*******;-76.3564804********;-76.356480*********;-76.35648**********;-76.3564***********;-76.356************;-76.35*************;-76.3**************;-76.***************;-76****************;-7*****************;-******************;*******************
-76.436101198200006;-76.43610119820000*;-76.4361011982000**;-76.436101198200***;-76.43610119820****;-76.4361011982*****;-76.436101198******;-76.43610119*******;-76.4361011********;-76.436101*********;-76.43610**********;-76.4361***********;-76.436************;-76.43*************;-76.4**************;-76.***************;-76****************;-7*****************;-******************;*******************
-76.458749771100003;-76.45874977110000*;-76.4587497711000**;-76.458749771100***;-76.45874977110****;-76.4587497711*****;-76.458749771******;-76.45874977*******;-76.4587497********;-76.458749*********;-76.45874**********;-76.4587***********;-76.458************;-76.45*************;-76.4**************;-76.***************;-76****************;-7*****************;-******************;*******************
-76.673636369999997;-76.67363636999999*;-76.6736363699999**;-76.673636369999***;-76.67363636999****;-76.6736363699*****;-76.673636369******;-76.67363636*******;-76.6736363********;-76.673636*********;-76.67363**********;-76.6736***********;-76.673************;-76.67*************;-76.6**************;-76.***************;-76****************;-7*****************;-******************;*******************
-78.4434123833;-78.4434123833    *;-78.4434123833   **;-78.4434123833  ***;-78.4434123833 ****;-78.4434123833*****;-78.443412383******;-78.44341238*******;-78.4434123********;-78.443412*********;-78.44341**********;-78.4434***********;-78.443************;-78.44*************;-78.4**************;-78.***************;-78****************;-7*****************;-******************;*******************
-78.443833400000003;-78.44383340000000*;-78.4438334000000**;-78.443833400000***;-78.44383340000****;-78.4438334000*****;-78.443833400******;-78.44383340*******;-78.4438334********;-78.443833*********;-78.44383**********;-78.4438***********;-78.443************;-78.44*************;-78.4**************;-78.***************;-78****************;-7*****************;-******************;*******************
-78.449939983299998;-78.44993998329999*;-78.4499399832999**;-78.449939983299***;-78.44993998329****;-78.4499399832*****;-78.449939983******;-78.44993998*******;-78.4499399********;-78.449939*********;-78.44993**********;-78.4499***********;-78.449************;-78.44*************;-78.4**************;-78.***************;-78****************;-7*****************;-******************;*******************
-78.488472432999998;-78.48847243299999*;-78.4884724329999**;-78.488472432999***;-78.48847243299****;-78.4884724329*****;-78.488472432******;-78.48847243*******;-78.4884724********;-78.488472*********;-78.48847**********;-78.4884***********;-78.488************;-78.48*************;-78.4**************;-78.***************;-78****************;-7*****************;-******************;*******************
-78.491145489999994;-78.49114548999999*;-78.4911454899999**;-78.491145489999***;-78.49114548999****;-78.4911454899*****;-78.491145489******;-78.49114548*******;-78.4911454********;-78.491145*********;-78.49114**********;-78.4911***********;-78.491************;-78.49*************;-78.4**************;-78.***************;-78****************;-7*****************;-******************;*******************
-79.058808134000003;-79.05880813400000*;-79.0588081340000**;-79.058808134000***;-79.05880813400****;-79.0588081340*****;-79.058808134******;-79.05880813*******;-79.0588081********;-79.058808*********;-79.05880**********;-79.0588***********;-79.058************;-79.05*************;-79.0**************;-79.***************;-79****************;-7*****************;-******************;*******************
-79.064840500000003;-79.06484050000000*;-79.0648405000000**;-79.064840500000***;-79.06484050000****;-79.0648405000*****;-79.064840500******;-79.06484050*******;-79.0648405********;-79.064840*********;-79.06484**********;-79.0648***********;-79.064************;-79.06*************;-79.0**************;-79.***************;-79****************;-7*****************;-******************;*******************
-79.065076050000002;-79.06507605000000*;-79.0650760500000**;-79.065076050000***;-79.06507605000****;-79.0650760500*****;-79.065076050******;-79.06507605*******;-79.0650760********;-79.065076*********;-79.06507**********;-79.0650***********;-79.065************;-79.06*************;-79.0**************;-79.***************;-79****************;-7*****************;-******************;*******************
-79.068040780000004;-79.06804078000000*;-79.0680407800000**;-79.068040780000***;-79.06804078000****;-79.0680407800*****;-79.068040780******;-79.06804078*******;-79.0680407********;-79.068040*********;-79.06804**********;-79.0680***********;-79.068************;-79.06*************;-79.0**************;-79.***************;-79****************;-7*****************;-******************;*******************
-79.070978150000002;-79.07097815000000*;-79.0709781500000**;-79.070978150000***;-79.07097815000****;-79.0709781500*****;-79.070978150******;-79.07097815*******;-79.0709781********;-79.070978*********;-79.07097**********;-79.0709***********;-79.070************;-79.07*************;-79.0**************;-79.***************;-79****************;-7*****************;-******************;*******************
-80.943950414699998;-80.94395041469999*;-80.9439504146999**;-80.943950414699***;-80.94395041469****;-80.9439504146*****;-80.943950414******;-80.94395041*******;-80.9439504********;-80.943950*********;-80.94395**********;-80.9439***********;-80.943************;-80.94*************;-80.9**************;-80.***************;-80****************;-8*****************;-******************;*******************
-82.909019383300006;-82.90901938330000*;-82.9090193833000**;-82.909019383300***;-82.90901938330****;-82.9090193833*****;-82.909019383******;-82.90901938*******;-82.9090193********;-82.909019*********;-82.90901**********;-82.9090***********;-82.909************;-82.90*************;-82.9**************;-82.***************;-82****************;-8*****************;-******************;*******************
-82.911511659599995;-82.91151165959999*;-82.9115116595999**;-82.911511659599***;-82.91151165959****;-82.9115116595*****;-82.911511659******;-82.91151165*******;-82.9115116********;-82.911511*********;-82.91151**********;-82.9115***********;-82.911************;-82.91*************;-82.9**************;-82.***************;-82****************;-8*****************;-******************;*******************
-82.913811733299994;-82.91381173329999*;-82.9138117332999**;-82.913811733299***;-82.91381173329****;-82.9138117332*****;-82.913811733******;-82.91381173*******;-82.9138117********;-82.913811*********;-82.91381**********;-82.9138***********;-82.913************;-82.91*************;-82.9**************;-82.***************;-82****************;-8*****************;-******************;*******************
-82.914982438099997;-82.91498243809999*;-82.9149824380999**;-82.914982438099***;-82.91498243809****;-82.9149824380*****;-82.914982438******;-82.91498243*******;-82.9149824********;-82.914982*********;-82.91498**********;-82.9149***********;-82.914************;-82.91*************;-82.9**************;-82.***************;-82****************;-8*****************;-******************;*******************
-82.926746606799995;-82.92674660679999*;-82.9267466067999**;-82.926746606799***;-82.92674660679****;-82.9267466067*****;-82.926746606******;-82.92674660*******;-82.9267466********;-82.926746*********;-82.92674**********;-82.9267***********;-82.926************;-82.92*************;-82.9**************;-82.***************;-82****************;-8*****************;-******************;*******************
-82.945437066699995;-82.94543706669999*;-82.9454370666999**;-82.945437066699***;-82.94543706669****;-82.9454370666*****;-82.945437066******;-82.94543706*******;-82.9454370********;-82.945437*********;-82.94543**********;-82.9454***********;-82.945************;-82.94*************;-82.9**************;-82.***************;-82****************;-8*****************;-******************;*******************
-82.963612133300003;-82.96361213330000*;-82.9636121333000**;-82.963612133300***;-82.96361213330****;-82.9636121333*****;-82.963612133******;-82.96361213*******;-82.9636121********;-82.963612*********;-82.96361**********;-82.9636***********;-82.963************;-82.96*************;-82.9**************;-82.***************;-82****************;-8*****************;-******************;*******************
-82.988649148799993;-82.98864914879999*;-82.9886491487999**;-82.988649148799***;-82.98864914879****;-82.9886491487*****;-82.988649148******;-82.98864914*******;-82.9886491********;-82.988649*********;-82.98864**********;-82.9886***********;-82.988************;-82.98*************;-82.9**************;-82.***************;-82****************;-8*****************;-******************;*******************
-82.993946190000003;-82.99394619000000*;-82.9939461900000**;-82.993946190000***;-82.99394619000****;-82.9939461900*****;-82.993946190******;-82.99394619*******;-82.9939461********;-82.993946*********;-82.99394**********;-82.9939***********;-82.993************;-82.99*************;-82.9**************;-82.***************;-82****************;-8*****************;-******************;*******************
-82.996763366699994;-82.99676336669999*;-82.9967633666999**;-82.996763366699***;-82.99676336669****;-82.9967633666*****;-82.996763366******;-82.99676336*******;-82.9967633********;-82.996763*********;-82.99676**********;-82.9967***********;-82.996************;-82.99*************;-82.9**************;-82.***************;-82****************;-8*****************;-******************;*******************
-83.006440400000002;-83.00644040000000*;-83.0064404000000**;-83.006440400000***;-83.00644040000****;-83.0064404000*****;-83.006440400******;-83.00644040*******;-83.0064404********;-83.006440*********;-83.00644**********;-83.0064***********;-83.006************;-83.00*************;-83.0**************;-83.***************;-83****************;-8*****************;-******************;*******************
-83.011977999999999;-83.01197799999999*;-83.0119779999999**;-83.011977999999***;-83.01197799999****;-83.0119779999*****;-83.011977999******;-83.01197799*******;-83.0119779********;-83.011977*********;-83.01197**********;-83.0119***********;-83.011************;-83.01*************;-83.0**************;-83.***************;-83****************;-8*****************;-******************;*******************
-83.033476699999994;-83.03347669999999*;-83.0334766999999**;-83.033476699999***;-83.03347669999****;-83.0334766999*****;-83.033476699******;-83.03347669*******;-83.0334766********;-83.033476*********;-83.03347**********;-83.0334***********;-83.033************;-83.03*************;-83.0**************;-83.***************;-83****************;-8*****************;-******************;*******************
-83.040826031099996;-83.04082603109999*;-83.0408260310999**;-83.040826031099***;-83.04082603109****;-83.0408260310*****;-83.040826031******;-83.04082603*******;-83.0408260********;-83.040826*********;-83.04082**********;-83.0408***********;-83.040************;-83.04*************;-83.0**************;-83.***************;-83****************;-8*****************;-******************;*******************
-83.041126833299998;-83.04112683329999*;-83.0411268332999**;-83.041126833299***;-83.04112683329****;-83.0411268332*****;-83.041126833******;-83.04112683*******;-83.0411268********;-83.041126*********;-83.04112**********;-83.0411***********;-83.041************;-83.04*************;-83.0**************;-83.***************;-83****************;-8*****************;-******************;*******************
-83.042371273000001;-83.04237127300000*;-83.0423712730000**;-83.042371273000***;-83.04237127300****;-83.0423712730*****;-83.042371273******;-83.04237127*******;-83.0423712********;-83.042371*********;-83.04237**********;-83.0423***********;-83.042************;-83.04*************;-83.0**************;-83.***************;-83****************;-8*****************;-******************;*******************
-83.044767667000002;-83.04476766700000*;-83.0447676670000**;-83.044767667000***;-83.04476766700****;-83.0447676670*****;-83.044767667******;-83.04476766*******;-83.0447676********;-83.044767*********;-83.04476**********;-83.0447***********;-83.044************;-83.04*************;-83.0**************;-83.***************;-83****************;-8*****************;-******************;*******************
-83.048980236099993;-83.04898023609999*;-83.0489802360999**;-83.048980236099***;-83.04898023609****;-83.0489802360*****;-83.048980236******;-83.04898023*******;-83.0489802********;-83.048980*********;-83.04898**********;-83.0489***********;-83.048************;-83.04*************;-83.0**************;-83.***************;-83****************;-8*****************;-******************;*******************
-83.049237466700006;-83.04923746670000*;-83.0492374667000**;-83.049237466700***;-83.04923746670****;-83.0492374667*****;-83.049237466******;-83.04923746*******;-83.0492374********;-83.049237*********;-83.04923**********;-83.0492***********;-83.049************;-83.04*************;-83.0**************;-83.***************;-83****************;-8*****************;-******************;*******************
-83.052138619999994;-83.05213861999999*;-83.0521386199999**;-83.052138619999***;-83.05213861999****;-83.0521386199*****;-83.052138619******;-83.05213861*******;-83.0521386********;-83.052138*********;-83.05213**********;-83.0521***********;-83.052************;-83.05*************;-83.0**************;-83.***************;-83****************;-8*****************;-******************;*******************
-83.052456378900004;-83.05245637890000*;-83.0524563789000**;-83.052456378900***;-83.05245637890****;-83.0524563789*****;-83.052456378******;-83.05245637*******;-83.0524563********;-83.052456*********;-83.05245**********;-83.0524***********;-83.052************;-83.05*************;-83.0**************;-83.***************;-83****************;-8*****************;-******************;*******************
-83.055338599999999;-83.05533859999999*;-83.0553385999999**;-83.055338599999***;-83.05533859999****;-83.0553385999*****;-83.055338599******;-83.05533859*******;-83.0553385********;-83.055338*********;-83.05533**********;-83.0553***********;-83.055************;-83.05*************;-83.0**************;-83.***************;-83****************;-8*****************;-******************;*******************
-83.057241439799995;-83.05724143979999*;-83.0572414397999**;-83.057241439799***;-83.05724143979****;-83.0572414397*****;-83.057241439******;-83.05724143*******;-83.0572414********;-83.057241*********;-83.05724**********;-83.0572***********;-83.057************;-83.05*************;-83.0**************;-83.***************;-83****************;-8*****************;-******************;*******************
-83.057692880000005;-83.05769288000000*;-83.0576928800000**;-83.057692880000***;-83.05769288000****;-83.0576928800*****;-83.057692880******;-83.05769288*******;-83.0576928********;-83.057692*********;-83.05769**********;-83.0576***********;-83.057************;-83.05*************;-83.0**************;-83.***************;-83****************;-8*****************;-******************;*******************
-83.083215951900002;-83.08321595190000*;-83.0832159519000**;-83.083215951900***;-83.08321595190****;-83.0832159519*****;-83.083215951******;-83.08321595*******;-83.0832159********;-83.083215*********;-83.08321**********;-83.0832***********;-83.083************;-83.08*************;-83.0**************;-83.***************;-83****************;-8*****************;-******************;*******************
-83.084347383299999;-83.08434738329999*;-83.0843473832999**;-83.084347383299***;-83.08434738329****;-83.0843473832*****;-83.084347383******;-83.08434738*******;-83.0843473********;-83.084347*********;-83.08434**********;-83.0843***********;-83.084************;-83.08*************;-83.0**************;-83.***************;-83****************;-8*****************;-******************;*******************
-83.084610700599995;-83.08461070059999*;-83.0846107005999**;-83.084610700599***;-83.08461070059****;-83.0846107005*****;-83.084610700******;-83.08461070*******;-83.0846107********;-83.084610*********;-83.08461**********;-83.0846***********;-83.084************;-83.08*************;-83.0**************;-83.***************;-83****************;-8*****************;-******************;*******************
-83.084780233299995;-83.08478023329999*;-83.0847802332999**;-83.084780233299***;-83.08478023329****;-83.0847802332*****;-83.084780233******;-83.08478023*******;-83.0847802********;-83.084780*********;-83.08478**********;-83.0847***********;-83.084************;-83.08*************;-83.0**************;-83.***************;-83****************;-8*****************;-******************;*******************
-83.084994256499996;-83.08499425649999*;-83.0849942564999**;-83.084994256499***;-83.08499425649****;-83.0849942564*****;-83.084994256******;-83.08499425*******;-83.0849942********;-83.084994*********;-83.08499**********;-83.0849***********;-83.084************;-83.08*************;-83.0**************;-83.***************;-83****************;-8*****************;-******************;*******************
-83.128124110000002;-83.12812411000000*;-83.1281241100000**;-83.128124110000***;-83.12812411000****;-83.1281241100*****;-83.128124110******;-83.12812411*******;-83.1281241********;-83.128124*********;-83.12812**********;-83.1281***********;-83.128************;-83.12*************;-83.1**************;-83.***************;-83****************;-8*****************;-******************;*******************
-83.211660281299999;-83.21166028129999*;-83.2116602812999**;-83.211660281299***;-83.21166028129****;-83.2116602812*****;-83.211660281******;-83.21166028*******;-83.2116602********;-83.211660*********;-83.21166**********;-83.2116***********;-83.211************;-83.21*************;-83.2**************;-83.***************;-83****************;-8*****************;-******************;*******************
-83.213123566700006;-83.21312356670000*;-83.2131235667000**;-83.213123566700***;-83.21312356670****;-83.2131235667*****;-83.213123566******;-83.21312356*******;-83.2131235********;-83.213123*********;-83.21312**********;-83.2131***********;-83.213************;-83.21*************;-83.2**************;-83.***************;-83****************;-8*****************;-******************;*******************
-83.213821240100003;-83.21382124010000*;-83.2138212401000**;-83.213821240100***;-83.21382124010****;-83.2138212401*****;-83.213821240******;-83.21382124*******;-83.2138212********;-83.213821*********;-83.21382**********;-83.2138***********;-83.213************;-83.21*************;-83.2**************;-83.***************;-83****************;-8*****************;-******************;*******************
-83.2144403458;-83.2144403458    *;-83.2144403458   **;-83.2144403458  ***;-83.2144403458 ****;-83.2144403458*****;-83.214440345******;-83.21444034*******;-83.2144403********;-83.214440*********;-83.21444**********;-83.2144***********;-83.214************;-83.21*************;-83.2**************;-83.***************;-83****************;-8*****************;-******************;*******************
-83.214528033299999;-83.21452803329999*;-83.2145280332999**;-83.214528033299***;-83.21452803329****;-83.2145280332*****;-83.214528033******;-83.21452803*******;-83.2145280********;-83.214528*********;-83.21452**********;-83.2145***********;-83.214************;-83.21*************;-83.2**************;-83.***************;-83****************;-8*****************;-******************;*******************
-83.215339427100005;-83.21533942710000*;-83.2153394271000**;-83.215339427100***;-83.21533942710****;-83.2153394271*****;-83.215339427******;-83.21533942*******;-83.2153394********;-83.215339*********;-83.21533**********;-83.2153***********;-83.215************;-83.21*************;-83.2**************;-83.***************;-83****************;-8*****************;-******************;*******************
-83.215835299999995;-83.21583529999999*;-83.2158352999999**;-83.215835299999***;-83.21583529999****;-83.2158352999*****;-83.215835299******;-83.21583529*******;-83.2158352********;-83.215835*********;-83.21583**********;-83.2158***********;-83.215************;-83.21*************;-83.2**************;-83.***************;-83****************;-8*****************;-******************;*******************
-83.2220052232;-83.2220052232    *;-83.2220052232   **;-83.2220052232  ***;-83.2220052232 ****;-83.2220052232*****;-83.222005223******;-83.22200522*******;-83.2220052********;-83.222005*********;-83.22200**********;-83.2220***********;-83.222************;-83.22*************;-83.2**************;-83.***************;-83****************;-8*****************;-******************;*******************
-83.233988285099997;-83.23398828509999*;-83.2339882850999**;-83.233988285099***;-83.23398828509****;-83.2339882850*****;-83.233988285******;-83.23398828*******;-83.2339882********;-83.233988*********;-83.23398**********;-83.2339***********;-83.233************;-83.23*************;-83.2**************;-83.***************;-83****************;-8*****************;-******************;*******************
-83.237887816699995;-83.23788781669999*;-83.2378878166999**;-83.237887816699***;-83.23788781669****;-83.2378878166*****;-83.237887816******;-83.23788781*******;-83.2378878********;-83.237887*********;-83.23788**********;-83.2378***********;-83.237************;-83.23*************;-83.2**************;-83.***************;-83****************;-8*****************;-******************;*******************
-83.240060806299994;-83.24006080629999*;-83.2400608062999**;-83.240060806299***;-83.24006080629****;-83.2400608062*****;-83.240060806******;-83.24006080*******;-83.2400608********;-83.240060*********;-83.24006**********;-83.2400***********;-83.240************;-83.24*************;-83.2**************;-83.***************;-83****************;-8*****************;-******************;*******************
-83.241452210000006;-83.24145221000000*;-83.2414522100000**;-83.241452210000***;-83.24145221000****;-83.2414522100*****;-83.241452210******;-83.24145221*******;-83.2414522********;-83.241452*********;-83.24145**********;-83.2414***********;-83.241************;-83.24*************;-83.2**************;-83.***************;-83****************;-8*****************;-******************;*******************
-83.242899833300001;-83.24289983330000*;-83.2428998333000**;-83.242899833300***;-83.24289983330****;-83.2428998333*****;-83.242899833******;-83.24289983*******;-83.2428998********;-83.242899*********;-83.24289**********;-83.2428***********;-83.242************;-83.24*************;-83.2**************;-83.***************;-83****************;-8*****************;-******************;*******************
-83.2515389167;-83.2515389167    *;-83.2515389167   **;-83.2515389167  ***;-83.2515389167 ****;-83.2515389167*****;-83.251538916******;-83.25153891*******;-83.2515389********;-83.251538*********;-83.25153**********;-83.2515***********;-83.251************;-83.25*************;-83.2**************;-83.***************;-83****************;-8*****************;-******************;*******************
-83.295030049999994;-83.29503004999999*;-83.2950300499999**;-83.295030049999***;-83.29503004999****;-83.2950300499*****;-83.295030049******;-83.29503004*******;-83.2950300********;-83.295030*********;-83.29503**********;-83.2950***********;-83.295************;-83.29*************;-83.2**************;-83.***************;-83****************;-8*****************;-******************;*******************
-83.299605846399999;-83.29960584639999*;-83.2996058463999**;-83.299605846399***;-83.29960584639****;-83.2996058463*****;-83.299605846******;-83.29960584*******;-83.2996058********;-83.299605*********;-83.29960**********;-83.2996***********;-83.299************;-83.29*************;-83.2**************;-83.***************;-83****************;-8*****************;-******************;*******************
-83.355331420900001;-83.35533142090000*;-83.3553314209000**;-83.355331420900***;-83.35533142090****;-83.3553314209*****;-83.355331420******;-83.35533142*******;-83.3553314********;-83.355331*********;-83.35533**********;-83.3553***********;-83.355************;-83.35*************;-83.3**************;-83.***************;-83****************;-8*****************;-******************;*******************
-83.357756137799996;-83.35775613779999*;-83.3577561377999**;-83.357756137799***;-83.35775613779****;-83.3577561377*****;-83.357756137******;-83.35775613*******;-83.3577561********;-83.357756*********;-83.35775**********;-83.3577***********;-83.357************;-83.35*************;-83.3**************;-83.***************;-83****************;-8*****************;-******************;*******************
-83.470870256400005;-83.47087025640000*;-83.4708702564000**;-83.470870256400***;-83.47087025640****;-83.4708702564*****;-83.470870256******;-83.47087025*******;-83.4708702********;-83.470870*********;-83.47087**********;-83.4708***********;-83.470************;-83.47*************;-83.4**************;-83.***************;-83****************;-8*****************;-******************;*******************
-83.486884410000002;-83.48688441000000*;-83.4868844100000**;-83.486884410000***;-83.48688441000****;-83.4868844100*****;-83.486884410******;-83.48688441*******;-83.4868844********;-83.486884*********;-83.48688**********;-83.4868***********;-83.486************;-83.48*************;-83.4**************;-83.***************;-83****************;-8*****************;-******************;*******************
-83.502300516700004;-83.50230051670000*;-83.5023005167000**;-83.502300516700***;-83.50230051670****;-83.5023005167*****;-83.502300516******;-83.50230051*******;-83.5023005********;-83.502300*********;-83.50230**********;-83.5023***********;-83.502************;-83.50*************;-83.5**************;-83.***************;-83****************;-8*****************;-******************;*******************
-83.502980716699994;-83.50298071669999*;-83.5029807166999**;-83.502980716699***;-83.50298071669****;-83.5029807166*****;-83.502980716******;-83.50298071*******;-83.5029807********;-83.502980*********;-83.50298**********;-83.5029***********;-83.502************;-83.50*************;-83.5**************;-83.***************;-83****************;-8*****************;-******************;*******************
-83.734745979300001;-83.73474597930000*;-83.7347459793000**;-83.734745979300***;-83.73474597930****;-83.7347459793*****;-83.734745979******;-83.73474597*******;-83.7347459********;-83.734745*********;-83.73474**********;-83.7347***********;-83.734************;-83.73*************;-83.7**************;-83.***************;-83****************;-8*****************;-******************;*******************
-83.736523433299993;-83.73652343329999*;-83.7365234332999**;-83.736523433299***;-83.73652343329****;-83.7365234332*****;-83.736523433******;-83.73652343*******;-83.7365234********;-83.736523*********;-83.73652**********;-83.7365***********;-83.736************;-83.73*************;-83.7**************;-83.***************;-83****************;-8*****************;-******************;*******************
-83.741515874900003;-83.74151587490000*;-83.7415158749000**;-83.741515874900***;-83.74151587490****;-83.7415158749*****;-83.741515874******;-83.74151587*******;-83.7415158********;-83.741515*********;-83.74151**********;-83.7415***********;-83.741************;-83.74*************;-83.7**************;-83.***************;-83****************;-8*****************;-******************;*******************
-83.742566233299996;-83.74256623329999*;-83.7425662332999**;-83.742566233299***;-83.74256623329****;-83.7425662332*****;-83.742566233******;-83.74256623*******;-83.7425662********;-83.742566*********;-83.74256**********;-83.7425***********;-83.742************;-83.74*************;-83.7**************;-83.***************;-83****************;-8*****************;-******************;*******************
-83.748587421500005;-83.74858742150000*;-83.7485874215000**;-83.748587421500***;-83.74858742150****;-83.7485874215*****;-83.748587421******;-83.74858742*******;-83.7485874********;-83.748587*********;-83.74858**********;-83.7485***********;-83.748************;-83.74*************;-83.7**************;-83.***************;-83****************;-8*****************;-******************;*******************
-83.748693466199995;-83.74869346619999*;-83.7486934661999**;-83.748693466199***;-83.74869346619****;-83.7486934661*****;-83.748693466******;-83.74869346*******;-83.7486934********;-83.748693*********;-83.74869**********;-83.7486***********;-83.748************;-83.74*************;-83.7**************;-83.***************;-83****************;-8*****************;-******************;*******************
-83.760589542999995;-83.76058954299999*;-83.7605895429999**;-83.760589542999***;-83.76058954299****;-83.7605895429*****;-83.760589542******;-83.76058954*******;-83.7605895********;-83.760589*********;-83.76058**********;-83.7605***********;-83.760************;-83.76*************;-83.7**************;-83.***************;-83****************;-8*****************;-******************;*******************
-87.616117000599999;-87.61611700059999*;-87.6161170005999**;-87.616117000599***;-87.61611700059****;-87.6161170005*****;-87.616117000******;-87.61611700*******;-87.6161170********;-87.616117*********;-87.61611**********;-87.6161***********;-87.616************;-87.61*************;-87.6**************;-87.***************;-87****************;-8*****************;-******************;*******************
-87.616690993299997;-87.61669099329999*;-87.6166909932999**;-87.616690993299***;-87.61669099329****;-87.6166909932*****;-87.616690993******;-87.61669099*******;-87.6166909********;-87.616690*********;-87.61669**********;-87.6166***********;-87.616************;-87.61*************;-87.6**************;-87.***************;-87****************;-8*****************;-******************;*******************
-87.616996749999998;-87.61699674999999*;-87.6169967499999**;-87.616996749999***;-87.61699674999****;-87.6169967499*****;-87.616996749******;-87.61699674*******;-87.6169967********;-87.616996*********;-87.61699**********;-87.6169***********;-87.616************;-87.61*************;-87.6**************;-87.***************;-87****************;-8*****************;-******************;*******************
-87.618970871000002;-87.61897087100000*;-87.6189708710000**;-87.618970871000***;-87.61897087100****;-87.6189708710*****;-87.618970871******;-87.61897087*******;-87.6189708********;-87.618970*********;-87.61897**********;-87.6189***********;-87.618************;-87.61*************;-87.6**************;-87.***************;-87****************;-8*****************;-******************;*******************
-87.620429992699997;-87.62042999269999*;-87.6204299926999**;-87.620429992699***;-87.62042999269****;-87.6204299926*****;-87.620429992******;-87.62042999*******;-87.6204299********;-87.620429*********;-87.62042**********;-87.6204***********;-87.620************;-87.62*************;-87.6**************;-87.***************;-87****************;-8*****************;-******************;*******************
-87.621417045599998;-87.62141704559999*;-87.6214170455999**;-87.621417045599***;-87.62141704559****;-87.6214170455*****;-87.621417045******;-87.62141704*******;-87.6214170********;-87.621417*********;-87.62141**********;-87.6214***********;-87.621************;-87.62*************;-87.6**************;-87.***************;-87****************;-8*****************;-******************;*******************
-87.621434087200001;-87.62143408720000*;-87.6214340872000**;-87.621434087200***;-87.62143408720****;-87.6214340872*****;-87.621434087******;-87.62143408*******;-87.6214340********;-87.621434*********;-87.62143**********;-87.6214***********;-87.621************;-87.62*************;-87.6**************;-87.***************;-87****************;-8*****************;-******************;*******************
-87.6219964;-87.6219964       *;-87.6219964      **;-87.6219964     ***;-87.6219964    ****;-87.6219964   *****;-87.6219964  ******;-87.6219964 *******;-87.6219964********;-87.621996*********;-87.62199**********;-87.6219***********;-87.621************;-87.62*************;-87.6**************;-87.***************;-87****************;-8*****************;-******************;*******************
-87.623369683299998;-87.62336968329999*;-87.6233696832999**;-87.623369683299***;-87.62336968329****;-87.6233696832*****;-87.623369683******;-87.62336968*******;-87.6233696********;-87.623369*********;-87.62336**********;-87.6233***********;-87.623************;-87.62*************;-87.6**************;-87.***************;-87****************;-8*****************;-******************;*******************
-87.623847127000005;-87.62384712700000*;-87.6238471270000**;-87.623847127000***;-87.62384712700****;-87.6238471270*****;-87.623847127******;-87.62384712*******;-87.6238471********;-87.623847*********;-87.62384**********;-87.6238***********;-87.623************;-87.62*************;-87.6**************;-87.***************;-87****************;-8*****************;-******************;*******************
-87.624713480500006;-87.62471348050000*;-87.6247134805000**;-87.624713480500***;-87.62471348050****;-87.6247134805*****;-87.624713480******;-87.62471348*******;-87.6247134********;-87.624713*********;-87.62471**********;-87.6247***********;-87.624************;-87.62*************;-87.6**************;-87.***************;-87****************;-8*****************;-******************;*******************
-87.624764442399993;-87.62476444239999*;-87.6247644423999**;-87.624764442399***;-87.62476444239****;-87.6247644423*****;-87.624764442******;-87.62476444*******;-87.6247644********;-87.624764*********;-87.62476**********;-87.6247***********;-87.624************;-87.62*************;-87.6**************;-87.***************;-87****************;-8*****************;-******************;*******************
-87.625692561700006;-87.62569256170000*;-87.6256925617000**;-87.625692561700***;-87.62569256170****;-87.6256925617*****;-87.625692561******;-87.62569256*******;-87.6256925********;-87.625692*********;-87.62569**********;-87.6256***********;-87.625************;-87.62*************;-87.6**************;-87.***************;-87****************;-8*****************;-******************;*******************
-87.625960014;-87.625960014     *;-87.625960014    **;-87.625960014   ***;-87.625960014  ****;-87.625960014 *****;-87.625960014******;-87.62596001*******;-87.6259600********;-87.625960*********;-87.62596**********;-87.6259***********;-87.625************;-87.62*************;-87.6**************;-87.***************;-87****************;-8*****************;-******************;*******************
-87.626014351799995;-87.62601435179999*;-87.6260143517999**;-87.626014351799***;-87.62601435179****;-87.6260143517*****;-87.626014351******;-87.62601435*******;-87.6260143********;-87.626014*********;-87.62601**********;-87.6260***********;-87.626************;-87.62*************;-87.6**************;-87.***************;-87****************;-8*****************;-******************;*******************
-87.627255871499997;-87.62725587149999*;-87.6272558714999**;-87.627255871499***;-87.62725587149****;-87.6272558714*****;-87.627255871******;-87.62725587*******;-87.6272558********;-87.627255*********;-87.62725**********;-87.6272***********;-87.627************;-87.62*************;-87.6**************;-87.***************;-87****************;-8*****************;-******************;*******************
-87.628004550900002;-87.62800455090000*;-87.6280045509000**;-87.628004550900***;-87.62800455090****;-87.6280045509*****;-87.628004550******;-87.62800455*******;-87.6280045********;-87.628004*********;-87.62800**********;-87.6280***********;-87.628************;-87.62*************;-87.6**************;-87.***************;-87****************;-8*****************;-******************;*******************
-87.628015279799996;-87.62801527979999*;-87.6280152797999**;-87.628015279799***;-87.62801527979****;-87.6280152797*****;-87.628015279******;-87.62801527*******;-87.6280152********;-87.628015*********;-87.62801**********;-87.6280***********;-87.628************;-87.62*************;-87.6**************;-87.***************;-87****************;-8*****************;-******************;*******************
-87.629490000000004;-87.62949000000000*;-87.6294900000000**;-87.629490000000***;-87.62949000000****;-87.6294900000*****;-87.629490000******;-87.62949000*******;-87.6294900********;-87.629490*********;-87.62949**********;-87.6294***********;-87.629************;-87.62*************;-87.6**************;-87.***************;-87****************;-8*****************;-******************;*******************
-87.903671264600007;-87.90367126460000*;-87.9036712646000**;-87.903671264600***;-87.90367126460****;-87.9036712646*****;-87.903671264******;-87.90367126*******;-87.9036712********;-87.903671*********;-87.90367**********;-87.9036***********;-87.903************;-87.90*************;-87.9**************;-87.***************;-87****************;-8*****************;-******************;*******************
-87.906384349999996;-87.90638434999999*;-87.9063843499999**;-87.906384349999***;-87.90638434999****;-87.9063843499*****;-87.906384349******;-87.90638434*******;-87.9063843********;-87.906384*********;-87.90638**********;-87.9063***********;-87.906************;-87.90*************;-87.9**************;-87.***************;-87****************;-8*****************;-******************;*******************
-87.906562649999998;-87.90656264999999*;-87.9065626499999**;-87.906562649999***;-87.90656264999****;-87.9065626499*****;-87.906562649******;-87.90656264*******;-87.9065626********;-87.906562*********;-87.90656**********;-87.9065***********;-87.906************;-87.90*************;-87.9**************;-87.***************;-87****************;-8*****************;-******************;*******************
-97.740522623100006;-97.74052262310000*;-97.7405226231000**;-97.740522623100***;-97.74052262310****;-97.7405226231*****;-97.740522623******;-97.74052262*******;-97.7405226********;-97.740522*********;-97.74052**********;-97.7405***********;-97.740************;-97.74*************;-97.7**************;-97.***************;-97****************;-9*****************;-******************;*******************
-97.745211124400001;-97.74521112440000*;-97.7452111244000**;-97.745211124400***;-97.74521112440****;-97.7452111244*****;-97.745211124******;-97.74521112*******;-97.7452111********;-97.745211*********;-97.74521**********;-97.7452***********;-97.745************;-97.74*************;-97.7**************;-97.***************;-97****************;-9*****************;-******************;*******************
-97.749312416699993;-97.74931241669999*;-97.7493124166999**;-97.749312416699***;-97.74931241669****;-97.7493124166*****;-97.749312416******;-97.74931241*******;-97.7493124********;-97.749312*********;-97.74931**********;-97.7493***********;-97.749************;-97.74*************;-97.7**************;-97.***************;-97****************;-9*****************;-******************;*******************
-97.749395370499997;-97.74939537049999*;-97.7493953704999**;-97.749395370499***;-97.74939537049****;-97.7493953704*****;-97.749395370******;-97.74939537*******;-97.7493953********;-97.749395*********;-97.74939**********;-97.7493***********;-97.749************;-97.74*************;-97.7**************;-97.***************;-97****************;-9*****************;-******************;*******************
-97.7575966669;-97.7575966669    *;-97.7575966669   **;-97.7575966669  ***;-97.7575966669 ****;-97.7575966669*****;-97.757596666******;-97.75759666*******;-97.7575966********;-97.757596*********;-97.75759**********;-97.7575***********;-97.757************;-97.75*************;-97.7**************;-97.***************;-97****************;-9*****************;-******************;*******************
-97.758580595300003;-97.75858059530000*;-97.7585805953000**;-97.758580595300***;-97.75858059530****;-97.7585805953*****;-97.758580595******;-97.75858059*******;-97.7585805********;-97.758580*********;-97.75858**********;-97.7585***********;-97.758************;-97.75*************;-97.7**************;-97.***************;-97****************;-9*****************;-******************;*******************
-97.763385772700005;-97.76338577270000*;-97.7633857727000**;-97.763385772700***;-97.76338577270****;-97.7633857727*****;-97.763385772******;-97.76338577*******;-97.7633857********;-97.763385*********;-97.76338**********;-97.7633***********;-97.763************;-97.76*************;-97.7**************;-97.***************;-97****************;-9*****************;-******************;*******************
-97.795139583299999;-97.79513958329999*;-97.7951395832999**;-97.795139583299***;-97.79513958329****;-97.7951395832*****;-97.795139583******;-97.79513958*******;-97.7951395********;-97.795139*********;-97.79513**********;-97.7951***********;-97.795************;-97.79*************;-97.7**************;-97.***************;-97****************;-9*****************;-******************;*******************
